sketch_id,title,url,start_time,end_time,declared_language,channel_name,status
5R37g7KTQS4,"Vítor Escária: Chefe de ""Gabinota""",https://www.youtube.com/watch?v=5R37g7KTQS4,0.0,153.0,pt-PT,Isto é Gozar com Quem Trabalha,downloaded
0VEkiRlSiqo,"Portugaja Boa - ""O Costa deixou-nos e Portugal ficou mesmo «boa»""",https://www.youtube.com/watch?v=0VEkiRlSiqo,0.0,142.0,pt-PT,Isto é Gozar com Quem Trabalha,downloaded
mJ_ZqHDh-hQ,"Inédito: ""Foi a primeira vez que o novo Secretário Geral do PS foi eleito no Congresso do PSD!""",https://www.youtube.com/watch?v=mJ_ZqHDh-hQ,0.0,168.0,pt-PT,Isto é Gozar com Quem Trabalha,downloaded
QrAzRUhbV-8,E o Óscar de melhor ator vai para… Marçal Pacino!,https://www.youtube.com/watch?v=QrAzRUhbV-8,0.0,116.0,pt-PT,Isto é Gozar com Quem Trabalha,downloaded
JH_jqVlU3Xs,Mensagens de Natal e Ano Novo de António Costa e Marcelo Rebelo de Sousa,https://www.youtube.com/watch?v=JH_jqVlU3Xs,0.0,135.0,pt-PT,Isto é Gozar com Quem Trabalha,downloaded
Ge7q7tNHRZs,"Plano da Juventude Socialista: ""É legalizar uma coisa que nos ajude a suportar a governação do PS""",https://www.youtube.com/watch?v=Ge7q7tNHRZs,0.0,116.0,pt-PT,Isto é Gozar com Quem Trabalha,downloaded
8IAFy-5oRv8,"Militantes do CHEGA fazem críticas ""azedas"" a André Ventura",https://www.youtube.com/watch?v=8IAFy-5oRv8,0.0,72.0,pt-PT,Isto é Gozar com Quem Trabalha,downloaded
c8ZjFwcTESg,"Gonçalo da Câmara Pereira: ""O Macho Lusitanso""",https://www.youtube.com/watch?v=c8ZjFwcTESg,0.0,160.0,pt-PT,Isto é Gozar com Quem Trabalha,downloaded
JM_Y5A0-EVc,"Sim, isto aconteceu! Discurso de António Guterres é traduzido num momento bastante… peculiar",https://www.youtube.com/watch?v=JM_Y5A0-EVc,0.0,152.0,pt-PT,Isto é Gozar com Quem Trabalha,downloaded
TsWQUmEEEPk,Finalmente! José Sócrates vai ser levado a julgamento… 10 anos depois,https://www.youtube.com/watch?v=TsWQUmEEEPk,0.0,155.0,pt-PT,Isto é Gozar com Quem Trabalha,downloaded
dE2USADyruY,A culpa é do Whatsapp! Presidente do Sindicato da Polícia surpreendido com protestos,https://www.youtube.com/watch?v=dE2USADyruY,0.0,124.0,pt-PT,Isto é Gozar com Quem Trabalha,downloaded
81X9i0uVj_U,Lista de espera para entrar na cadeia dos Açores | Isto É Gozar Com Quem Trabalha,https://www.youtube.com/watch?v=81X9i0uVj_U,0.0,83.0,pt-PT,Isto é Gozar com Quem Trabalha,downloaded
7Yhc2BdFs0g,Greve dos agricultores: O orgulho de Ricardo Araújo Pereira em ser português,https://www.youtube.com/watch?v=7Yhc2BdFs0g,0.0,147.0,pt-PT,Isto é Gozar com Quem Trabalha,downloaded
0juzllcWwFA,"""Prestígio na CP"": Filme para adultos rodado num comboio | Isto É Gozar Com Quem Trabalha",https://www.youtube.com/watch?v=0juzllcWwFA,0.0,116.0,pt-PT,Isto é Gozar com Quem Trabalha,downloaded
cxJjFJ0f1DM,"Manuela Ferreira Leite dá ""puxão de orelhas"" a Ricardo Araújo Pereira",https://www.youtube.com/watch?v=cxJjFJ0f1DM,0.0,150.0,pt-PT,Isto é Gozar com Quem Trabalha,downloaded
9HFN-b8gnM4,"""Não houve momento de Revista à Portuguesa"" - Debate entre Pedro Nuno Santos e Luís Montenegro",https://www.youtube.com/watch?v=9HFN-b8gnM4,0.0,162.0,pt-PT,Isto é Gozar com Quem Trabalha,downloaded
co_y_fa3qOs,"João Cotrim de Figueiredo oferece presente a Ricardo Araújo Pereira para ""combater os preconceitos""",https://www.youtube.com/watch?v=co_y_fa3qOs,0.0,162.0,pt-PT,Isto é Gozar com Quem Trabalha,downloaded
pegSRWqD2rs,"Diogo Ribeiro, campeão do mundo de natação, responde a curiosidade de Ricardo Araújo Pereira",https://www.youtube.com/watch?v=pegSRWqD2rs,0.0,195.0,pt-PT,Isto é Gozar com Quem Trabalha,downloaded
8mCLjzrLQ2U,"""O PS é um partido político ou uma empresa de condomínios?"" - Veja a resposta de Ana Gomes",https://www.youtube.com/watch?v=8mCLjzrLQ2U,0.0,137.0,pt-PT,Isto é Gozar com Quem Trabalha,downloaded
I0tUKgnWGXQ,Inédito! João Oliveira acusa Ricardo Araújo Pereira de não cumprir as promessas,https://www.youtube.com/watch?v=I0tUKgnWGXQ,0.0,185.0,pt-PT,Isto é Gozar com Quem Trabalha,downloaded
lcYcgLMGyPw,"Luís Marques Mendes: ""O Gonçalo da Câmara Pereira é uma espécie de Avô Cantigas""",https://www.youtube.com/watch?v=lcYcgLMGyPw,0.0,90.0,pt-PT,Isto é Gozar com Quem Trabalha,downloaded
qmeh36ANuG8,"Fernando Medina comenta ""desaparecimento"" de Carlos Moedas | Isto Ém Gozar Com Quem Trabalha",https://www.youtube.com/watch?v=qmeh36ANuG8,0.0,175.0,pt-PT,Isto é Gozar com Quem Trabalha,downloaded
kVRo9OA3SoY,Carlos Moedas oferece presente inusitado a Ricardo Araújo Pereira,https://www.youtube.com/watch?v=kVRo9OA3SoY,0.0,182.0,pt-PT,Isto é Gozar com Quem Trabalha,downloaded
awUo44c1OPo,"Francisco Assis conta ""embate"" com Pedro Nuno Santos | Isto É Gozar Com Quem Trabalha",https://www.youtube.com/watch?v=awUo44c1OPo,0.0,174.0,pt-PT,Isto é Gozar com Quem Trabalha,downloaded
YbUtVSRypds,Inês Sousa Real convida Ricardo Araújo Pereira para Ministro do Ambiente,https://www.youtube.com/watch?v=YbUtVSRypds,0.0,124.0,pt-PT,Isto é Gozar com Quem Trabalha,downloaded
nH62fN40Rjs,"""O CDS é uma espécie de adolescente que é expulso da discoteca""  - Veja a resposta de Nuno Melo",https://www.youtube.com/watch?v=nH62fN40Rjs,0.0,131.0,pt-PT,Isto é Gozar com Quem Trabalha,downloaded
7HWE09D-jlA,"Rui Tavares: ""Semana de 4 dias menos para o 'Isto É Gozar Com Quem Trabalha'""",https://www.youtube.com/watch?v=7HWE09D-jlA,0.0,115.0,pt-PT,Isto é Gozar com Quem Trabalha,downloaded
6-Vk8Km4Z_8,Ricardo Araújo Pereira e a avó de Mariana Mortágua | Isto É Gozar Com Quem Trabalha,https://www.youtube.com/watch?v=6-Vk8Km4Z_8,0.0,132.0,pt-PT,Isto é Gozar com Quem Trabalha,downloaded
DeHxb1Vs_kM,"Rui Rocha: ""O Ricardo faz-me lembrar a Mariana Mortágua"" | Isto É Gozar Com Quem Trabalha",https://www.youtube.com/watch?v=DeHxb1Vs_kM,0.0,98.0,pt-PT,Isto é Gozar com Quem Trabalha,downloaded
ToYHwg3D6WM,"Paulo Raimundo: ""Porque é que o cacete do trabalhador não é maior que o do capital?”",https://www.youtube.com/watch?v=ToYHwg3D6WM,0.0,93.0,pt-PT,Isto é Gozar com Quem Trabalha,downloaded
A6xnfY1ASlQ,"Pedro Nuno Santos: ""Eu conto não chorar neste programa""",https://www.youtube.com/watch?v=A6xnfY1ASlQ,0.0,109.0,pt-PT,Isto é Gozar com Quem Trabalha,downloaded
cGx3mWXqWnc,"Pedro Nuno Santos afirma: ""Não tentei passar a ideia de que era um desgraçadinho""",https://www.youtube.com/watch?v=cGx3mWXqWnc,0.0,93.0,pt-PT,Isto é Gozar com Quem Trabalha,downloaded
MYCb2rIvldc,"Luís Montenegro põe ""o pé na poça"" ao falar de Luís Marques Mendes",https://www.youtube.com/watch?v=MYCb2rIvldc,0.0,102.0,pt-PT,Isto é Gozar com Quem Trabalha,downloaded
2fuAVLOOBZ0,O discurso de Paulo Portas na campanha da AD | Isto É Gozar Com Quem Trabalha,https://www.youtube.com/watch?v=2fuAVLOOBZ0,0.0,105.0,pt-PT,Isto é Gozar com Quem Trabalha,downloaded
9ChOwFhecf4,"Ricardo Araújo Pereira: ""Marcelo Rebelo de Sousa está quase a deixar de ser Presidente""",https://www.youtube.com/watch?v=9ChOwFhecf4,0.0,98.0,pt-PT,Isto é Gozar com Quem Trabalha,downloaded
eNxliiIKUdY,"Pela primeira vez na história, ninguém queria ganhar as eleições | Isto É Gozar Com Quem Trabalha",https://www.youtube.com/watch?v=eNxliiIKUdY,0.0,142.0,pt-PT,Isto é Gozar com Quem Trabalha,downloaded
5szCQkCHlOY,"Ambiente tenso: ""Festejar os 50 anos 25 de abril com 48 deputados do Chega...""",https://www.youtube.com/watch?v=5szCQkCHlOY,0.0,86.0,pt-PT,Isto é Gozar com Quem Trabalha,downloaded
jAgdMcAyUhY,Quando é que Bernardo Silva volta ao Benfica? | Isto É Gozar Com Quem Trabalha,https://www.youtube.com/watch?v=jAgdMcAyUhY,0.0,100.0,pt-PT,Isto é Gozar com Quem Trabalha,downloaded
DTZMey3fy4E,"Afinal, porque é que Gonçalo da Câmara Pereira esteve desaparecido da campanha?",https://www.youtube.com/watch?v=DTZMey3fy4E,0.0,115.0,pt-PT,Isto é Gozar com Quem Trabalha,downloaded
n1on_gEY5CI,Luís Montenegro foi indigitado por Marcelo Rebelo de Sousa | Isto É Gozar Com Quem Trabalha,https://www.youtube.com/watch?v=n1on_gEY5CI,0.0,132.0,pt-PT,Isto é Gozar com Quem Trabalha,downloaded
C05y55ZSMn8,"José Dias Fernandes, deputado do CHEGA, foi imigrante ilegal | Isto É Gozar Com Quem Trabalha",https://www.youtube.com/watch?v=C05y55ZSMn8,0.0,211.0,pt-PT,Isto é Gozar com Quem Trabalha,downloaded
sA7npkr5pPo,Esta é a proposta de Ricardo Araújo Pereira. O que acha? 🤔😅,https://www.youtube.com/watch?v=sA7npkr5pPo,0.0,55.0,pt-PT,Isto é Gozar com Quem Trabalha,downloaded
a-X2HNd6PUY,O que é que se passa na prisão de Paços de Ferreira? | Isto É Gozar Com Quem Trabalha,https://www.youtube.com/watch?v=a-X2HNd6PUY,0.0,182.0,pt-PT,Isto é Gozar com Quem Trabalha,downloaded
2552OEUrjaU,Mudar o logótipo foi a primeira medida do novo governo| Isto É Gozar Com Quem Trabalha,https://www.youtube.com/watch?v=2552OEUrjaU,0.0,149.0,pt-PT,Isto é Gozar com Quem Trabalha,downloaded
UC41h-koKmo,Ricardo Araújo Pereira tem a solução para o governo aguentar quatro anos e meio... 😆,https://www.youtube.com/watch?v=UC41h-koKmo,0.0,54.0,pt-PT,Isto é Gozar com Quem Trabalha,downloaded
5o6QmAWVvsI,Os Melhores Momentos de Ricardo Araújo Pereira | Isto É Gozar Com Quem Trabalha,https://www.youtube.com/watch?v=5o6QmAWVvsI,0.0,114.0,pt-PT,Isto é Gozar com Quem Trabalha,downloaded
OTlYDS1UB2g,"Embuste de Luís Montenegro: ""87% do que ele prometeu, já existia!"" | Isto É Gozar Com Quem Trabalha",https://www.youtube.com/watch?v=OTlYDS1UB2g,0.0,144.0,pt-PT,Isto é Gozar com Quem Trabalha,downloaded
Nk0YONoLEek,Mas afinal... Que medidas é que a AD terá ido buscar aos outros partidos? 😅,https://www.youtube.com/watch?v=Nk0YONoLEek,0.0,60.0,pt-PT,Isto é Gozar com Quem Trabalha,downloaded
4DKJhDyOai4,"Joana Amaral Dias: ""Os portugues conhecem-me bem, já me viram várias vezes de biquíni""",https://www.youtube.com/watch?v=4DKJhDyOai4,0.0,170.0,pt-PT,Isto é Gozar com Quem Trabalha,downloaded
iFWGmUEN8bY,Portugueses chegam do Irão... e irão outra vez! 😅,https://www.youtube.com/watch?v=iFWGmUEN8bY,0.0,60.0,pt-PT,Isto é Gozar com Quem Trabalha,downloaded
HA3ad3QbZ7E,"Presidente da República sobre Luís Montenegro: ""É urbano com comportamentos rurais""",https://www.youtube.com/watch?v=HA3ad3QbZ7E,0.0,172.0,pt-PT,Isto é Gozar com Quem Trabalha,downloaded
3xQhUgDzEOc,Marcelo Rebelo de Sousa resolveu dar a sua opinião sobre António Costa 🤔,https://www.youtube.com/watch?v=3xQhUgDzEOc,0.0,60.0,pt-PT,Isto é Gozar com Quem Trabalha,downloaded
AGi0wva5a8k,"Sebastião Bugalho é um ""chavalo de Tróia"" | Isto É Gozar Com Quem Trabalha",https://www.youtube.com/watch?v=AGi0wva5a8k,0.0,181.0,pt-PT,Isto é Gozar com Quem Trabalha,downloaded
-jxRSuRUR6Y,"""Os deputados do PS são os melhores a cortar gorduras"" 😅",https://www.youtube.com/watch?v=-jxRSuRUR6Y,0.0,59.0,pt-PT,Isto é Gozar com Quem Trabalha,downloaded
iUuTYBOkBI0,João Oliveira reage a declarações de João Cotrim Figueiredo | Isto É Gozar Com Quem Trabalha,https://www.youtube.com/watch?v=iUuTYBOkBI0,0.0,176.0,pt-PT,Isto é Gozar com Quem Trabalha,downloaded
hhNTqcImvX4,"João Oliveira VS João Cotrim Figueiredo: Chegou a nova ""ordem mundial"" 😂",https://www.youtube.com/watch?v=hhNTqcImvX4,0.0,58.0,pt-PT,Isto é Gozar com Quem Trabalha,downloaded
hE3QNiXncug,"""Em vez de ser cabeça de lista não devia ser cabeça de lista de espera?"" - Marta Temido responde",https://www.youtube.com/watch?v=hE3QNiXncug,0.0,172.0,pt-PT,Isto é Gozar com Quem Trabalha,downloaded
2qvUUjjslE0,"Antes do debate sobre o aeroporto, há outras prioridades que o 'Pilígrafo' vai ter de responder! 🤭",https://www.youtube.com/watch?v=2qvUUjjslE0,0.0,59.0,pt-PT,Isto é Gozar com Quem Trabalha,downloaded
yozNogwHdzY,"""Que experiência tem em termos europeus para além do interrail?"" - Sebastião Bugalho responde!",https://www.youtube.com/watch?v=yozNogwHdzY,0.0,172.0,pt-PT,Isto é Gozar com Quem Trabalha,downloaded
UplFJuuJMcE,História na política! Na Madeira o apelo ao voto foi... de gatas | Isto É Gozar Com Quem Trabalha,https://www.youtube.com/watch?v=UplFJuuJMcE,0.0,172.0,pt-PT,Isto é Gozar com Quem Trabalha,downloaded
FKLuCF8s8Lc,O que é que Francisco Paupério e Sebastião Bugalho têm em comum? | Isto é Gozar Com Quem Trabalha,https://www.youtube.com/watch?v=FKLuCF8s8Lc,0.0,179.0,pt-PT,Isto é Gozar com Quem Trabalha,downloaded
44rK-d9yWyk,"""O PAN defende tanto a vida animal e eles apresentam um candidato que é uma ""mosquinha"" morta?""",https://www.youtube.com/watch?v=44rK-d9yWyk,0.0,167.0,pt-PT,Isto é Gozar com Quem Trabalha,downloaded
ME8DwTgJh1M,“Porque é que o BE continua a borrifar-se na igualdade de género afastando dos cargos os homens?”,https://www.youtube.com/watch?v=ME8DwTgJh1M,0.0,183.0,pt-PT,Isto é Gozar com Quem Trabalha,downloaded
W9qJJ8egLB4,"O hino de Ricardo Araújo Pereira: ""Vamos passar a fazer cocó como se faz lá fora"" 😂",https://www.youtube.com/watch?v=W9qJJ8egLB4,0.0,60.0,pt-PT,Isto é Gozar com Quem Trabalha,downloaded
B8Y18P2NCDo,“Os portugueses quiseram fazer como Noé e mandar um casal da mesma espécie?”,https://www.youtube.com/watch?v=B8Y18P2NCDo,0.0,156.0,pt-PT,Isto é Gozar com Quem Trabalha,downloaded
wiOKV5xqvmA,Já temos saudades do 'Isto É Gozar Com Quem Trabalha'... E vocês? 😅,https://www.youtube.com/watch?v=wiOKV5xqvmA,0.0,58.0,pt-PT,Isto é Gozar com Quem Trabalha,downloaded
cLsb2z4uAWc,"""O primeiro andar a contar vindo do céu é a penthouse! É um estratagema vosso para pagar menos IMI?""",https://www.youtube.com/watch?v=cLsb2z4uAWc,0.0,170.0,pt-PT,Isto é Gozar com Quem Trabalha,downloaded
pwjRWMpn-B4,A reação dos portugueses ao sismo | Isto É Gozar Com Quem Trabalha,https://www.youtube.com/watch?v=pwjRWMpn-B4,0.0,164.0,pt-PT,Isto é Gozar com Quem Trabalha,downloaded
jDwo9wlE4MY,"A ""espetacular"" fuga de 5 reclusos da prisão de Vale de Judeus | Isto É Gozar Com Quem Trabalha",https://www.youtube.com/watch?v=jDwo9wlE4MY,0.0,145.0,pt-PT,Isto é Gozar com Quem Trabalha,downloaded
L7Cu6ijCmMc,"""Vou aproveitar esta altura para recordar que isto é um debate político""",https://www.youtube.com/watch?v=L7Cu6ijCmMc,0.0,82.0,pt-PT,Isto é Gozar com Quem Trabalha,downloaded
wgebkolm3so,“Vou fazer tudo para evitar uma crise política que ponha em causa o governo deste aldrabão”,https://www.youtube.com/watch?v=wgebkolm3so,0.0,131.0,pt-PT,Isto é Gozar com Quem Trabalha,downloaded
DMSm1J7ri5g,"Entrevista a Sérgio Sousa Pinto, do Partido Socialista: ""O malandro sou eu, mas há mais malandros""",https://www.youtube.com/watch?v=DMSm1J7ri5g,0.0,161.0,pt-PT,Isto é Gozar com Quem Trabalha,downloaded
ZVAEdKdSakk,Ricardo Araújo Pereira já começou a ajudar a aumentar a receita fiscal do nosso país... 😅😂,https://www.youtube.com/watch?v=ZVAEdKdSakk,0.0,53.0,pt-PT,Isto é Gozar com Quem Trabalha,downloaded
6eT0NSgO_YU,"Pedro Pinto sabe que a polícia dispara para os pneus... ou para os queixos: ""Têm três à escolha!""",https://www.youtube.com/watch?v=6eT0NSgO_YU,0.0,95.0,pt-PT,Isto é Gozar com Quem Trabalha,downloaded
9xL_sKQwfFM,O que acha dos dotes de bailarino de Ricardo Araújo Pereira? 😂,https://www.youtube.com/watch?v=9xL_sKQwfFM,0.0,58.0,pt-PT,Isto é Gozar com Quem Trabalha,downloaded
MpEQqHM5TpM,"Eleições americanas: ""As pessoas estão treinadas para votar no Capitão América""",https://www.youtube.com/watch?v=MpEQqHM5TpM,0.0,48.0,pt-PT,Isto é Gozar com Quem Trabalha,downloaded
4LFRK7Rk3oU,"""Os nossos inimigos vão ficar todos borrados. Os nossos soldados também, mas têm fralda!""",https://www.youtube.com/watch?v=4LFRK7Rk3oU,0.0,97.0,pt-PT,Isto é Gozar com Quem Trabalha,downloaded
VOn_VbC8pOQ,Ricardo Araújo Pereira dedica música a Marcelo Rebelo de Sousa | Isto É Gozar Com Quem Trabalha,https://www.youtube.com/watch?v=VOn_VbC8pOQ,0.0,94.0,pt-PT,Isto é Gozar com Quem Trabalha,downloaded
mKClOFxW-eg,"A ""solução inovadora"" de Carlos Moedas para combater o lixo em Lisboa",https://www.youtube.com/watch?v=mKClOFxW-eg,0.0,66.0,pt-PT,Isto é Gozar com Quem Trabalha,downloaded
qYvHA0Ig_dY,Surpresa de António José Seguro deixa Ricardo Araújo Pereira constrangido,https://www.youtube.com/watch?v=qYvHA0Ig_dY,0.0,139.0,pt-PT,Isto é Gozar com Quem Trabalha,downloaded
Pl0gqL_5DH8,Roberto Martínez sobre Cristiano Ronaldo | Isto É Gozar Com Quem Trabalha,https://www.youtube.com/watch?v=Pl0gqL_5DH8,0.0,72.0,pt-PT,Isto é Gozar com Quem Trabalha,downloaded
I3ShWTgRO_M,Bernardo Blanco trama Ricardo Araújo Pereira e faz anúncio ao país! | Isto É Gozar Com Quem Trabalha,https://www.youtube.com/watch?v=I3ShWTgRO_M,0.0,84.0,pt-PT,Isto é Gozar com Quem Trabalha,downloaded
Aya3UCKs0CM,"António Filipe: ""Só me faltava dizerem que a culpa que o Trump seja o presidente dos EUA é do PCP""",https://www.youtube.com/watch?v=Aya3UCKs0CM,0.0,161.0,pt-PT,Isto é Gozar com Quem Trabalha,downloaded
P0iBY_IrS9Y,Situação pendente ou resolvida? 😳,https://www.youtube.com/watch?v=P0iBY_IrS9Y,0.0,45.0,pt-PT,Isto é Gozar com Quem Trabalha,downloaded
41ePqoAZwWk,Pedro Santana Lopes esteve no 'Isto É Gozar Com Quem Trabalha' e esta confissão aconteceu... 😅,https://www.youtube.com/watch?v=41ePqoAZwWk,0.0,28.0,pt-PT,Isto é Gozar com Quem Trabalha,downloaded
m8sTVlDHxh0,"""Portugal está a 5 comentários de Instagram da Lili Caneças de ser um país como deve ser""",https://www.youtube.com/watch?v=m8sTVlDHxh0,0.0,185.0,pt-PT,Isto é Gozar com Quem Trabalha,downloaded
DeM44gNnZE0,Ricardo Araújo Pereira surpreendido por Jorge Pinto do Livre | Isto É Gozar Com Quem Trabalha,https://www.youtube.com/watch?v=DeM44gNnZE0,0.0,119.0,pt-PT,Isto é Gozar com Quem Trabalha,downloaded
n0uV_Pzv9oM,Pedro Nuno Santos fica indignado com insinuação de Júlia Pinheiro! 😤😂,https://www.youtube.com/watch?v=n0uV_Pzv9oM,0.0,44.0,pt-PT,Isto é Gozar com Quem Trabalha,downloaded
KxLp51kDpOo,"Ricardo Araújo Pereira recorda episódios ""nostalgicólicos"" 😂",https://www.youtube.com/watch?v=KxLp51kDpOo,0.0,51.0,pt-PT,Isto é Gozar com Quem Trabalha,downloaded
PZPW90jtnOs,Os últimos 15 segundos deste vídeo precisa de legendas 😅😅,https://www.youtube.com/watch?v=PZPW90jtnOs,0.0,37.0,pt-PT,Isto é Gozar com Quem Trabalha,downloaded
cLnbnVuMUoY,Um candidato normal ao concurso do Isto É Gozar Com Quem Trabalha: ‘Quem Quer ser Ordinário?’ 😅,https://www.youtube.com/watch?v=cLnbnVuMUoY,0.0,33.0,pt-PT,Isto é Gozar com Quem Trabalha,downloaded
uwhWK3EciWc,Mais normal do que isto não há! 😁 | Isto é Gozar Com Quem Trabalha,https://www.youtube.com/watch?v=uwhWK3EciWc,0.0,24.0,pt-PT,Isto é Gozar com Quem Trabalha,downloaded
QJJS5MbUVDI,"André Ventura, a mulher e a coelha vivem em 30 metros quadrados? | Isto é Gozar Com Quem Trabalha",https://www.youtube.com/watch?v=QJJS5MbUVDI,0.0,32.0,pt-PT,Isto é Gozar com Quem Trabalha,downloaded
cWvSi2Zk_NA,Os melhores momentos de Ricardo Araújo Pereira sobre o apagão | Isto É Gozar Com Quem Trabalha,https://www.youtube.com/watch?v=cWvSi2Zk_NA,0.0,82.0,pt-PT,Isto é Gozar com Quem Trabalha,downloaded
tGL1WnPHEPs,"""É um gosto tão grande estar nesta fantochada"" 😅",https://www.youtube.com/watch?v=tGL1WnPHEPs,0.0,95.0,pt-PT,Isto é Gozar com Quem Trabalha,downloaded
JeHPTcN8SDA,"Entrevista a Luís Montenegro: ""Tem a certeza que não está com problemas na próstata?""",https://www.youtube.com/watch?v=JeHPTcN8SDA,0.0,121.0,pt-PT,Isto é Gozar com Quem Trabalha,downloaded
sBbEjn6ByyE,Inês Sousa Real nomeou o mais camaleónico do Parlamento 😉,https://www.youtube.com/watch?v=sBbEjn6ByyE,0.0,69.0,pt-PT,Isto é Gozar com Quem Trabalha,downloaded
YU8KUs6nlt0,Rui Tavares nomeou o vilão do Parlamento e atribuiu um Globo de Ouro… 😅,https://www.youtube.com/watch?v=YU8KUs6nlt0,0.0,63.0,pt-PT,Isto é Gozar com Quem Trabalha,downloaded
qUsdy6htWUU,Luís Montenegro nomeou o político que está sempre a pedir penálti sem razão… 😉,https://www.youtube.com/watch?v=qUsdy6htWUU,0.0,44.0,pt-PT,Isto é Gozar com Quem Trabalha,downloaded
3__fM7hUpDY,Mariana Mortágua nomeou o ‘Drama Queen’ do Parlamento 🤭,https://www.youtube.com/watch?v=3__fM7hUpDY,0.0,86.0,pt-PT,Isto é Gozar com Quem Trabalha,downloaded
L4mKj6elj2s,Gato Fedorento - Feno da Galileia,https://www.youtube.com/watch?v=L4mKj6elj2s,0.0,55.0,pt-PT,Gato Fedorento - Vídeos,downloaded
Gwp6ataEC4w,Gato Fedorento - Estenógrafo Apaixonado por Teatro de Revista,https://www.youtube.com/watch?v=Gwp6ataEC4w,0.0,141.0,pt-PT,Gato Fedorento - Vídeos,downloaded
xVkzrl6zrAQ,Gato Fedorento - Colete Cor-de-Rosinha,https://www.youtube.com/watch?v=xVkzrl6zrAQ,0.0,140.0,pt-PT,Gato Fedorento - Vídeos,downloaded
eLNZF_c6Tk4,Gato Fedorento - Acidente de avião,https://www.youtube.com/watch?v=eLNZF_c6Tk4,0.0,359.0,pt-PT,Gato Fedorento - Vídeos,downloaded
9woFZ4tlW9o,Gato Fedorento - Sequestro de avião,https://www.youtube.com/watch?v=9woFZ4tlW9o,0.0,127.0,pt-PT,Gato Fedorento - Vídeos,downloaded
sEqIN8aGgBk,Gato Fedorento - Homem no porta-bagagens,https://www.youtube.com/watch?v=sEqIN8aGgBk,0.0,91.0,pt-PT,Gato Fedorento - Vídeos,downloaded
0lNNIcwbpa4,Gato Fedorento - A mulher que faz apartes bastante compridos,https://www.youtube.com/watch?v=0lNNIcwbpa4,0.0,166.0,pt-PT,Gato Fedorento - Vídeos,downloaded
XVzZXUJVmk0,Gato Fedorento - Matarruanos dão indicações,https://www.youtube.com/watch?v=XVzZXUJVmk0,0.0,207.0,pt-PT,Gato Fedorento - Vídeos,downloaded
jxYsPoCNu_4,Gato Fedorento - Condutor de Ambulância,https://www.youtube.com/watch?v=jxYsPoCNu_4,0.0,267.0,pt-PT,Gato Fedorento - Vídeos,downloaded
XZ38DgLiecY,Gato Fedorento - Novo dicionário da língua portuguesa,https://www.youtube.com/watch?v=XZ38DgLiecY,0.0,293.0,pt-PT,Gato Fedorento - Vídeos,downloaded
U1mML2KKHzg,Gato Fedorento - O momento da verdade de José Sócrates,https://www.youtube.com/watch?v=U1mML2KKHzg,0.0,285.0,pt-PT,Gato Fedorento - Vídeos,downloaded
MSDWzl9YAlI,Gato Fedorento - Magalhães,https://www.youtube.com/watch?v=MSDWzl9YAlI,0.0,162.0,pt-PT,Gato Fedorento - Vídeos,downloaded
-LZYZgwF0d4,Gato Fedorento - O Procrastinador Implacável,https://www.youtube.com/watch?v=-LZYZgwF0d4,0.0,296.0,pt-PT,Gato Fedorento - Vídeos,downloaded
3v8b5wgLUno,Gato Fedorento - Esta casa não tem ursos,https://www.youtube.com/watch?v=3v8b5wgLUno,0.0,200.0,pt-PT,Gato Fedorento - Vídeos,downloaded
jxAFe2bBjIA,Gato Fedorento - Instrutor de condução que canta o Yodel,https://www.youtube.com/watch?v=jxAFe2bBjIA,0.0,181.0,pt-PT,Gato Fedorento - Vídeos,downloaded
n8NlXUJaIAM,Gato Fedorento - Primeiro-ministro com dupla personalidade,https://www.youtube.com/watch?v=n8NlXUJaIAM,0.0,302.0,pt-PT,Gato Fedorento - Vídeos,downloaded
KFLM4oWbQI8,Gato Fedorento - Vá lá!,https://www.youtube.com/watch?v=KFLM4oWbQI8,0.0,85.0,pt-PT,Gato Fedorento - Vídeos,downloaded
RcWgL41hJuk,Gato Fedorento - A Mulher que não acredita que o marido anda metido na droga,https://www.youtube.com/watch?v=RcWgL41hJuk,0.0,242.0,pt-PT,Gato Fedorento - Vídeos,downloaded
guv7AYJpvRs,Gato Fedorento - Jesus Cristo é o Senhor! I,https://www.youtube.com/watch?v=guv7AYJpvRs,0.0,30.0,pt-PT,Gato Fedorento - Vídeos,downloaded
RFXFLELuTd8,Gato Fedorento - Reunião de condóminos com o Drácula,https://www.youtube.com/watch?v=RFXFLELuTd8,0.0,177.0,pt-PT,Gato Fedorento - Vídeos,downloaded
EFrRQTXOakc,"Gato Fedorento - Fox, o Cão Político",https://www.youtube.com/watch?v=EFrRQTXOakc,0.0,506.0,pt-PT,Gato Fedorento - Vídeos,downloaded
Q4h9Nw0dK-o,Gato Fedorento - AirGuitar,https://www.youtube.com/watch?v=Q4h9Nw0dK-o,0.0,176.0,pt-PT,Gato Fedorento - Vídeos,downloaded
BQqeJgxcUX4,Gato Fedorento - Ó Sôtor! Sôtor! Senhores deputados!,https://www.youtube.com/watch?v=BQqeJgxcUX4,0.0,58.0,pt-PT,Gato Fedorento - Vídeos,downloaded
J7S9B85Js4I,Gato Fedorento - O Cão Gigante,https://www.youtube.com/watch?v=J7S9B85Js4I,0.0,87.0,pt-PT,Gato Fedorento - Vídeos,downloaded
bK9wB5QdRVc,Gato Fedorento - Os amigos que não se entendem,https://www.youtube.com/watch?v=bK9wB5QdRVc,0.0,75.0,pt-PT,Gato Fedorento - Vídeos,downloaded
c8QkQsxbWs8,Gato Fedorento - Simpósio de obsessivos-compulsivos,https://www.youtube.com/watch?v=c8QkQsxbWs8,0.0,229.0,pt-PT,Gato Fedorento - Vídeos,downloaded
9qJ3WKcrcp4,Gato Fedorento - Concurso de Alzheimer,https://www.youtube.com/watch?v=9qJ3WKcrcp4,0.0,138.0,pt-PT,Gato Fedorento - Vídeos,downloaded
ZtrWv08HgXE,Gato Fedorento - Agência Publicitária de Chelas,https://www.youtube.com/watch?v=ZtrWv08HgXE,0.0,174.0,pt-PT,Gato Fedorento - Vídeos,downloaded
tOBupkU-yAQ,Gato Fedorento - Filósofo Matarruano,https://www.youtube.com/watch?v=tOBupkU-yAQ,0.0,249.0,pt-PT,Gato Fedorento - Vídeos,downloaded
DAUAtYsgFZU,Gato Fedorento - Gajo com demasiadas características,https://www.youtube.com/watch?v=DAUAtYsgFZU,0.0,126.0,pt-PT,Gato Fedorento - Vídeos,downloaded
ixef2nizunc,Gato Fedorento - Pare de estalar os dedos,https://www.youtube.com/watch?v=ixef2nizunc,0.0,123.0,pt-PT,Gato Fedorento - Vídeos,downloaded
_IosIcQAee0,Gato Fedorento - Um formidável linguista,https://www.youtube.com/watch?v=_IosIcQAee0,0.0,159.0,pt-PT,Gato Fedorento - Vídeos,downloaded
g7w94ZEtWVI,Gato Fedorento - Lisboa-Dakar em canoa,https://www.youtube.com/watch?v=g7w94ZEtWVI,0.0,203.0,pt-PT,Gato Fedorento - Vídeos,downloaded
__1UmqkfM8E,Gato Fedorento - Sabes onde é que há gajas boas?,https://www.youtube.com/watch?v=__1UmqkfM8E,0.0,70.0,pt-PT,Gato Fedorento - Vídeos,downloaded
PZ4HZpVo4a4,Gato Fedorento - O filho do homem a quem parece que aconteceu não sei o quê | GATO FEDORENTO,https://www.youtube.com/watch?v=PZ4HZpVo4a4,0.0,69.0,pt-PT,Gato Fedorento - Vídeos,downloaded
8gumwImdYwU,Gato Fedorento - Parvoíce em torno de sinónimos,https://www.youtube.com/watch?v=8gumwImdYwU,0.0,90.0,pt-PT,Gato Fedorento - Vídeos,downloaded
ELZSlrKP1Cs,Gato Fedorento - Sr. Vítor,https://www.youtube.com/watch?v=ELZSlrKP1Cs,0.0,113.0,pt-PT,Gato Fedorento - Vídeos,downloaded
MBtLPvorYZk,Gato Fedorento - O anão Roberto,https://www.youtube.com/watch?v=MBtLPvorYZk,0.0,94.0,pt-PT,Gato Fedorento - Vídeos,downloaded
qmCO22zwlfk,Gato Fedorento - Isso é um crime de salada,https://www.youtube.com/watch?v=qmCO22zwlfk,0.0,260.0,pt-PT,Gato Fedorento - Vídeos,downloaded
oi2CRK0cD-w,Gato Fedorento - Alvex Xenofi,https://www.youtube.com/watch?v=oi2CRK0cD-w,0.0,178.0,pt-PT,Gato Fedorento - Vídeos,downloaded
otyYi1cG33s,Gato Fedorento - Os castigadores da parvoíce,https://www.youtube.com/watch?v=otyYi1cG33s,0.0,185.0,pt-PT,Gato Fedorento - Vídeos,downloaded
nnMm1wEi6SM,Gato Fedorento - O Que Eu Gosto Do Meu Anselmo,https://www.youtube.com/watch?v=nnMm1wEi6SM,0.0,159.0,pt-PT,Gato Fedorento - Vídeos,downloaded
HYyLBnh11Ko,Gato Fedorento - Um quilinho de Kunami,https://www.youtube.com/watch?v=HYyLBnh11Ko,0.0,176.0,pt-PT,Gato Fedorento - Vídeos,downloaded
ULry5pmVQTM,Gato Fedorento - Ligue 111,https://www.youtube.com/watch?v=ULry5pmVQTM,0.0,137.0,pt-PT,Gato Fedorento - Vídeos,downloaded
5tI2xVu39sI,Gato Fedorento - O que tu queres sei eu,https://www.youtube.com/watch?v=5tI2xVu39sI,0.0,89.0,pt-PT,Gato Fedorento - Vídeos,downloaded
zNWcVClsHN8,Gato Fedorento - Distância,https://www.youtube.com/watch?v=zNWcVClsHN8,0.0,109.0,pt-PT,Gato Fedorento - Vídeos,downloaded
1SbiPS3JDwg,Gato Fedorento - O homem que não consegue mentir,https://www.youtube.com/watch?v=1SbiPS3JDwg,0.0,73.0,pt-PT,Gato Fedorento - Vídeos,downloaded
X7rFbXUmD9k,Gato Fedorento - Concurso de Velhas,https://www.youtube.com/watch?v=X7rFbXUmD9k,0.0,191.0,pt-PT,Gato Fedorento - Vídeos,downloaded
SODV9pz9yy0,Gato Fedorento - Empresa de tarados,https://www.youtube.com/watch?v=SODV9pz9yy0,0.0,168.0,pt-PT,Gato Fedorento - Vídeos,downloaded
_Er7Hanoir8,Gato Fedorento - O que está a dizer?,https://www.youtube.com/watch?v=_Er7Hanoir8,0.0,144.0,pt-PT,Gato Fedorento - Vídeos,downloaded
tKMENMyLzFE,Gato Fedorento - O homem a quem parece que aconteceu não sei quê,https://www.youtube.com/watch?v=tKMENMyLzFE,0.0,86.0,pt-PT,Gato Fedorento - Vídeos,downloaded
L86T-_77Wi8,Gato Fedorento - Qual papel?,https://www.youtube.com/watch?v=L86T-_77Wi8,0.0,127.0,pt-PT,Gato Fedorento - Vídeos,downloaded
n_MSHozk454,Gato Fedorento - Um gajo de Alfama,https://www.youtube.com/watch?v=n_MSHozk454,0.0,261.0,pt-PT,Gato Fedorento - Vídeos,downloaded
uGSdHQK5clQ,Gato Fedorento - Telejornal Popular,https://www.youtube.com/watch?v=uGSdHQK5clQ,0.0,120.0,pt-PT,Gato Fedorento - Vídeos,downloaded
fWnCd0tQba8,Gato Fedorento - Partida de Xadrez,https://www.youtube.com/watch?v=fWnCd0tQba8,0.0,157.0,pt-PT,Gato Fedorento - Vídeos,downloaded
Dc81GkAeZ2E,Gato Fedorento -  Lusco Fusco,https://www.youtube.com/watch?v=Dc81GkAeZ2E,0.0,274.0,pt-PT,Gato Fedorento - Vídeos,downloaded
Hd_uloW2EHk,Gato Fedorento - Entrevista com o Presidente da Câmara Municipal de Vila Nova de Rabona,https://www.youtube.com/watch?v=Hd_uloW2EHk,0.0,258.0,pt-PT,Gato Fedorento - Vídeos,downloaded
vu6Ne67Wvu0,Gato Fedorento - Diário do Cárcere,https://www.youtube.com/watch?v=vu6Ne67Wvu0,0.0,313.0,pt-PT,Gato Fedorento - Vídeos,downloaded
dh6ipiAFKjQ,Gato Fedorento - Fitness Fascista,https://www.youtube.com/watch?v=dh6ipiAFKjQ,0.0,265.0,pt-PT,Gato Fedorento - Vídeos,downloaded
OFspDxui6Lo,"Gato Fedorento - Indivíduo que é javardola, menos quando fala francês",https://www.youtube.com/watch?v=OFspDxui6Lo,0.0,192.0,pt-PT,Gato Fedorento - Vídeos,downloaded
6aVVVO-dDY0,Gato Fedorento - Assédio Sexual,https://www.youtube.com/watch?v=6aVVVO-dDY0,0.0,118.0,pt-PT,Gato Fedorento - Vídeos,downloaded
OmNviezLA0w,Gato Fedorento - General e Soldados,https://www.youtube.com/watch?v=OmNviezLA0w,0.0,176.0,pt-PT,Gato Fedorento - Vídeos,downloaded
CckcfFfrzCM,Gato Fedorento - A sua tia faleceu,https://www.youtube.com/watch?v=CckcfFfrzCM,0.0,172.0,pt-PT,Gato Fedorento - Vídeos,downloaded
vxF0uIY7t8Y,"Gato Fedorento - No Chão Não, No Velhão!",https://www.youtube.com/watch?v=vxF0uIY7t8Y,0.0,142.0,pt-PT,Gato Fedorento - Vídeos,downloaded
BebvamWK_jA,Gato Fedorento - Aumento de produtividade,https://www.youtube.com/watch?v=BebvamWK_jA,0.0,143.0,pt-PT,Gato Fedorento - Vídeos,downloaded
y5bXbaBHOhI,Gato Fedorento - Táxi Driver,https://www.youtube.com/watch?v=y5bXbaBHOhI,0.0,139.0,pt-PT,Gato Fedorento - Vídeos,downloaded
wZ7PjswnkWY,Gato Fedorento - Entrevista a Santana Lopes,https://www.youtube.com/watch?v=wZ7PjswnkWY,0.0,155.0,pt-PT,Gato Fedorento - Vídeos,downloaded
vAG63pKr-E0,Gato Fedorento - Violência Doméstica,https://www.youtube.com/watch?v=vAG63pKr-E0,0.0,206.0,pt-PT,Gato Fedorento - Vídeos,downloaded
u8pnbnFuNPE,Gato Fedorento - Não faça trocadilhos,https://www.youtube.com/watch?v=u8pnbnFuNPE,0.0,223.0,pt-PT,Gato Fedorento - Vídeos,downloaded
FDDRKLlkL_g,Gato Fedorento - Maçador de Touros,https://www.youtube.com/watch?v=FDDRKLlkL_g,0.0,298.0,pt-PT,Gato Fedorento - Vídeos,downloaded
LSWt-7LLozE,Gato Fedorento - Indignação com vindimas,https://www.youtube.com/watch?v=LSWt-7LLozE,0.0,205.0,pt-PT,Gato Fedorento - Vídeos,downloaded
WU4wFaV70YM,Gato Fedorento - Grandes caçadas,https://www.youtube.com/watch?v=WU4wFaV70YM,0.0,116.0,pt-PT,Gato Fedorento - Vídeos,downloaded
yvCanAv9W4I,Gato Fedorento - Casal inimigo,https://www.youtube.com/watch?v=yvCanAv9W4I,0.0,69.0,pt-PT,Gato Fedorento - Vídeos,downloaded
aOxrfJQ_bMA,Gato Fedorento - Estava balofa,https://www.youtube.com/watch?v=aOxrfJQ_bMA,0.0,127.0,pt-PT,Gato Fedorento - Vídeos,downloaded
80EJ3aUfir0,Gato Fedorento - Tesourinho deprimente - Onda de Verão com Luís Pereira de Sousa,https://www.youtube.com/watch?v=80EJ3aUfir0,0.0,201.0,pt-PT,Gato Fedorento - Vídeos,downloaded
hD7WQoJ3fGs,Gato Fedorento - O gatinh... o coelho,https://www.youtube.com/watch?v=hD7WQoJ3fGs,0.0,75.0,pt-PT,Gato Fedorento - Vídeos,downloaded
5fh4CQUpz5k,Gato Fedorento - Detector de cotão,https://www.youtube.com/watch?v=5fh4CQUpz5k,0.0,72.0,pt-PT,Gato Fedorento - Vídeos,downloaded
D9giITIM41U,Gato Fedorento - Pernas de peru assadeiros de Miranda,https://www.youtube.com/watch?v=D9giITIM41U,0.0,208.0,pt-PT,Gato Fedorento - Vídeos,downloaded
-2Vt6obxQ2s,Gato Fedorento - Baratas à procura de casa,https://www.youtube.com/watch?v=-2Vt6obxQ2s,0.0,247.0,pt-PT,Gato Fedorento - Vídeos,downloaded
NmOxbFclyhc,Gato Fedorento - Médicos à espera,https://www.youtube.com/watch?v=NmOxbFclyhc,0.0,165.0,pt-PT,Gato Fedorento - Vídeos,downloaded
dQtC9hTqp94,Gato Fedorento - Anjo da Guarda Republicana,https://www.youtube.com/watch?v=dQtC9hTqp94,0.0,176.0,pt-PT,Gato Fedorento - Vídeos,downloaded
GGjuwXLxT7s,Gato Fedorento - Casamento entre heterossexuais do mesmo sexo,https://www.youtube.com/watch?v=GGjuwXLxT7s,0.0,179.0,pt-PT,Gato Fedorento - Vídeos,downloaded
Giotzu7TJj0,Gato Fedorento - Taxa de bazófia,https://www.youtube.com/watch?v=Giotzu7TJj0,0.0,334.0,pt-PT,Gato Fedorento - Vídeos,downloaded
oKaJ6tY3PhQ,Gato Fedorento - Curso de preparação para casamento,https://www.youtube.com/watch?v=oKaJ6tY3PhQ,0.0,234.0,pt-PT,Gato Fedorento - Vídeos,downloaded
FQG_bm3uJOw,Gato Fedorento - É Melhor Chamar o Fernando,https://www.youtube.com/watch?v=FQG_bm3uJOw,0.0,271.0,pt-PT,Gato Fedorento - Vídeos,downloaded
GGCNHmO5WPo,Gato Fedorento - Sou o maior da minha aldeia,https://www.youtube.com/watch?v=GGCNHmO5WPo,0.0,317.0,pt-PT,Gato Fedorento - Vídeos,downloaded
McUgqQgeQXo,Gato Fedorento - 72 Árbitros em Campo,https://www.youtube.com/watch?v=McUgqQgeQXo,0.0,202.0,pt-PT,Gato Fedorento - Vídeos,downloaded
j5I7t71kjvk,Gato Fedorento - Escola de Futebol Cristiano Ronaldo,https://www.youtube.com/watch?v=j5I7t71kjvk,0.0,148.0,pt-PT,Gato Fedorento - Vídeos,downloaded
2VvLCz-XMKc,Gato Fedorento - Tsunami de Informáticos,https://www.youtube.com/watch?v=2VvLCz-XMKc,0.0,247.0,pt-PT,Gato Fedorento - Vídeos,downloaded
f7BgL6Jp9AY,Gato Fedorento - Obama Português,https://www.youtube.com/watch?v=f7BgL6Jp9AY,0.0,130.0,pt-PT,Gato Fedorento - Vídeos,downloaded
Zt4-zQRu3AU,Gato Fedorento - Tempo Extra com Rui Santos,https://www.youtube.com/watch?v=Zt4-zQRu3AU,0.0,222.0,pt-PT,Gato Fedorento - Vídeos,downloaded
C0wFOJXJtFs,Gato Fedorento - Xutos & Pontapés na Gala dos Tesourinhos Deprimentes,https://www.youtube.com/watch?v=C0wFOJXJtFs,0.0,133.0,pt-PT,Gato Fedorento - Vídeos,downloaded
3Xnax9ZxAjg,Gato Fedorento - Burocracias na Escola,https://www.youtube.com/watch?v=3Xnax9ZxAjg,0.0,122.0,pt-PT,Gato Fedorento - Vídeos,downloaded
qQZWvez4DgQ,Gato Fedorento - Jesus Ensaia Figuras de Estilo,https://www.youtube.com/watch?v=qQZWvez4DgQ,0.0,332.0,pt-PT,Gato Fedorento - Vídeos,downloaded
fuvF8s-9xZU,Gato Fedorento - Não Faleci Nada,https://www.youtube.com/watch?v=fuvF8s-9xZU,0.0,87.0,pt-PT,Gato Fedorento - Vídeos,downloaded
wi5Nl8s1tt0,"Gato Fedorento - Mira-me, Miguel (Parte II)",https://www.youtube.com/watch?v=wi5Nl8s1tt0,0.0,67.0,pt-PT,Gato Fedorento - Vídeos,downloaded
xWJsVBOprGI,Gato Fedorento - Documentário sobre CR7,https://www.youtube.com/watch?v=xWJsVBOprGI,0.0,247.0,pt-PT,Gato Fedorento - Vídeos,downloaded
kk0_tq7v4yg,"Gato Fedorento - Mira-me, Miguel",https://www.youtube.com/watch?v=kk0_tq7v4yg,0.0,315.0,pt-PT,Gato Fedorento - Vídeos,downloaded
yyOU2UM2fCE,Gato Fedorento - Liga dos Últimos Bancos,https://www.youtube.com/watch?v=yyOU2UM2fCE,0.0,173.0,pt-PT,Gato Fedorento - Vídeos,downloaded
3nnJqWRxC0w,Gato Fedorento - Sr.  Tobias,https://www.youtube.com/watch?v=3nnJqWRxC0w,0.0,232.0,pt-PT,Gato Fedorento - Vídeos,downloaded
ylSkToYI07w,Gato Fedorento - Super Mariza,https://www.youtube.com/watch?v=ylSkToYI07w,0.0,157.0,pt-PT,Gato Fedorento - Vídeos,downloaded
_nD6FvV_KQE,Gato Fedorento - Planeta de Josés Cids,https://www.youtube.com/watch?v=_nD6FvV_KQE,0.0,218.0,pt-PT,Gato Fedorento - Vídeos,downloaded
gZHarGsIy3s,"Gato Fedorento - Polícia Bom, Polícia Bonzinho",https://www.youtube.com/watch?v=gZHarGsIy3s,0.0,317.0,pt-PT,Gato Fedorento - Vídeos,downloaded
DRg_fOGOKXk,Gato Fedorento - José Mourinho Como Jogador,https://www.youtube.com/watch?v=DRg_fOGOKXk,0.0,93.0,pt-PT,Gato Fedorento - Vídeos,downloaded
ujIO1IxvrUA,Gato Fedorento - Claque de Seminaristas,https://www.youtube.com/watch?v=ujIO1IxvrUA,0.0,250.0,pt-PT,Gato Fedorento - Vídeos,downloaded
9RMfvmcD12U,Gato Fedorento - Eurovisão antes de Salvador Sobral,https://www.youtube.com/watch?v=9RMfvmcD12U,0.0,81.0,pt-PT,Gato Fedorento - Vídeos,downloaded
jU8ffD9Lev8,Gato Fedorento - Greve,https://www.youtube.com/watch?v=jU8ffD9Lev8,0.0,181.0,pt-PT,Gato Fedorento - Vídeos,downloaded
Uy7Z9p5Nx4Q,Gato Fedorento - Incentivos à Natalidade,https://www.youtube.com/watch?v=Uy7Z9p5Nx4Q,0.0,211.0,pt-PT,Gato Fedorento - Vídeos,downloaded
J5P7nAjOuVw,Gato Fedorento - Funcionário Com Má Atitude,https://www.youtube.com/watch?v=J5P7nAjOuVw,0.0,140.0,pt-PT,Gato Fedorento - Vídeos,downloaded
SlcHvlsGw6o,Gato Fedorento - Javard Air,https://www.youtube.com/watch?v=SlcHvlsGw6o,0.0,418.0,pt-PT,Gato Fedorento - Vídeos,downloaded
yZGdnqlmVlw,Gato Fedorento - As Grandes Questões do Nosso Tempo,https://www.youtube.com/watch?v=yZGdnqlmVlw,0.0,329.0,pt-PT,Gato Fedorento - Vídeos,downloaded
Ej-9H1WaaEM,Cristina de Sonho | Cá Por Casa | RTP,https://www.youtube.com/watch?v=Ej-9H1WaaEM,0.0,395.0,pt-PT,Cá Por Casa,downloaded
XjW-Uq_Q7Yc,Lucas & Mateus | Cá Por Casa | RTP,https://www.youtube.com/watch?v=XjW-Uq_Q7Yc,0.0,229.0,pt-PT,Cá Por Casa,downloaded
Rgf7rswh7to,Lebábas-me o ouro todo | Cá Por Casa | RTP,https://www.youtube.com/watch?v=Rgf7rswh7to,0.0,448.0,pt-PT,Cá Por Casa,downloaded
OKDnMwviVG8,"Salvador Sobral - ""La Chanson De Jacky"" | Cá por Casa | RTP",https://www.youtube.com/watch?v=OKDnMwviVG8,0.0,195.0,pt-PT,Cá Por Casa,downloaded
zsvSTLOyKIk,Prós Dos Contras (Parte 1) | Cá Por Casa | RTP,https://www.youtube.com/watch?v=zsvSTLOyKIk,0.0,408.0,pt-PT,Cá Por Casa,downloaded
joSHPce5sK8,Prós Dos Contras (Parte 2) | Cá Por Casa | RTP,https://www.youtube.com/watch?v=joSHPce5sK8,0.0,415.0,pt-PT,Cá Por Casa,downloaded
2gHpFrNR4kM,Prós Dos Contras (Parte 3) | Cá Por Casa | RTP,https://www.youtube.com/watch?v=2gHpFrNR4kM,0.0,336.0,pt-PT,Cá Por Casa,downloaded
vPwItvbxY6Q,"Vitor Kley ""Ainda Bem Que Chegou"" | Cá Por Casa | RTP",https://www.youtube.com/watch?v=vPwItvbxY6Q,0.0,171.0,pt-PT,Cá Por Casa,downloaded
Q5GWkcFhzRs,"Cristina ""Tvi Malveira"" (Parte 1)",https://www.youtube.com/watch?v=Q5GWkcFhzRs,0.0,361.0,pt-PT,Cá Por Casa,downloaded
9yA1REl9pEA,"Cristina ""Tvi Malveira"" (Parte 2)",https://www.youtube.com/watch?v=9yA1REl9pEA,0.0,302.0,pt-PT,Cá Por Casa,downloaded
5of1s6RC3ts,"Cristina ""Tvi Malveira"" (Parte 3)",https://www.youtube.com/watch?v=5of1s6RC3ts,0.0,162.0,pt-PT,Cá Por Casa,downloaded
arxaqCFtLBk,"Paco Bandeira ""Medley""",https://www.youtube.com/watch?v=arxaqCFtLBk,0.0,195.0,pt-PT,Cá Por Casa,downloaded
NpvG3FUsZ0Q,Rei Dos Eletrodomésticos (Parte 1) | Cá Por Casa | RTP,https://www.youtube.com/watch?v=NpvG3FUsZ0Q,0.0,411.0,pt-PT,Cá Por Casa,downloaded
ZpiDZMG84Uo,Rei Dos Eletrodomésticos (Parte 2) | Cá Por Casa | RTP,https://www.youtube.com/watch?v=ZpiDZMG84Uo,0.0,301.0,pt-PT,Cá Por Casa,downloaded
KPZLTtNpZhs,Rei Dos Eletrodomésticos (Parte 3) | Cá Por Casa | RTP,https://www.youtube.com/watch?v=KPZLTtNpZhs,0.0,300.0,pt-PT,Cá Por Casa,downloaded
w12e-MEj4WA,"Herman José e Boss Ac ""Come Fly With Me"" | Cá Por Casa | RTP",https://www.youtube.com/watch?v=w12e-MEj4WA,0.0,105.0,pt-PT,Cá Por Casa,downloaded
3OhnrpDVAOQ,"Jorge Fernando e Amália Rodrigues ""Ai Vida"" | Cá Por Casa | RTP",https://www.youtube.com/watch?v=3OhnrpDVAOQ,0.0,196.0,pt-PT,Cá Por Casa,downloaded
8IU6XcJqe2Q,"Tozé Santos e Herman José ""Intervalo"" | Cá Por Casa | RTP",https://www.youtube.com/watch?v=8IU6XcJqe2Q,0.0,230.0,pt-PT,Cá Por Casa,downloaded
wspi-sbzEM4,Debate Presidencial da Águia (Parte 1) | Cá Por Casa | RTP,https://www.youtube.com/watch?v=wspi-sbzEM4,0.0,278.0,pt-PT,Cá Por Casa,downloaded
izVYOPzYvAI,Debate Presidencial da Águia (Parte 2) | Cá Por Casa | RTP,https://www.youtube.com/watch?v=izVYOPzYvAI,0.0,291.0,pt-PT,Cá Por Casa,downloaded
Gc4BnTL6LJw,"AXEL ""O Verão Mais Quente"" | Cá Por Casa | RTP",https://www.youtube.com/watch?v=Gc4BnTL6LJw,0.0,263.0,pt-PT,Cá Por Casa,downloaded
baSY-52JSo8,Katia Guerreiro | Cá Por Casa | RTP,https://www.youtube.com/watch?v=baSY-52JSo8,0.0,250.0,pt-PT,Cá Por Casa,downloaded
9pvZ2CUv6jc,Júlia (Parte 1) | Cá Por Casa | RTP,https://www.youtube.com/watch?v=9pvZ2CUv6jc,0.0,134.0,pt-PT,Cá Por Casa,downloaded
Euyo1Fet3Us,Júlia (Parte 2) | Cá Por Casa | RTP,https://www.youtube.com/watch?v=Euyo1Fet3Us,0.0,108.0,pt-PT,Cá Por Casa,downloaded
pwJmP82Fo1Q,Júlia (Parte 3) | Cá Por Casa | RTP,https://www.youtube.com/watch?v=pwJmP82Fo1Q,0.0,149.0,pt-PT,Cá Por Casa,downloaded
9YVnIlc0HxQ,"Djodje ""Bela"" | Cá Por Casa | RTP",https://www.youtube.com/watch?v=9YVnIlc0HxQ,0.0,242.0,pt-PT,Cá Por Casa,downloaded
2BfCj1AQKc4,Ruy de Carvalho | Cá Por Casa | RTP,https://www.youtube.com/watch?v=2BfCj1AQKc4,0.0,194.0,pt-PT,Cá Por Casa,downloaded
J3IiwrLzSnY,Vovó Viral (Parte 1) | Cá Por Casa | RTP,https://www.youtube.com/watch?v=J3IiwrLzSnY,0.0,272.0,pt-PT,Cá Por Casa,downloaded
9mjvt6abtLI,Vovó Viral (Parte 2) | Cá Por Casa | RTP,https://www.youtube.com/watch?v=9mjvt6abtLI,0.0,265.0,pt-PT,Cá Por Casa,downloaded
3X13G67W1ig,Vovó Viral (Parte 3) | Cá Por Casa | RTP,https://www.youtube.com/watch?v=3X13G67W1ig,0.0,164.0,pt-PT,Cá Por Casa,downloaded
eh6x5wGaUv8,"Teresa Guilherme, Graça Freitas e Marta Temido (Parte 1) | Cá Por Casa | RTP",https://www.youtube.com/watch?v=eh6x5wGaUv8,0.0,344.0,pt-PT,Cá Por Casa,downloaded
HzPoEshZuzg,"Teresa Guilherme, Graça Freitas e Marta Temido (Parte 2) | Cá Por Casa | RTP",https://www.youtube.com/watch?v=HzPoEshZuzg,0.0,257.0,pt-PT,Cá Por Casa,downloaded
BV8_gpefSYI,"Teresa Guilherme, Graça Freitas e Marta Temido (Parte 3) | Cá Por Casa | RTP",https://www.youtube.com/watch?v=BV8_gpefSYI,0.0,142.0,pt-PT,Cá Por Casa,downloaded
U9aQxJTdGWo,"Beatriz Gosta ""Obrigada é lindo"" | Cá Por Casa | RTP",https://www.youtube.com/watch?v=U9aQxJTdGWo,0.0,272.0,pt-PT,Cá Por Casa,downloaded
Kjxtc4YS54g,3 Primeiras-Damas Muito Especiais (Parte 1) | Cá Por Casa | RTP,https://www.youtube.com/watch?v=Kjxtc4YS54g,0.0,178.0,pt-PT,Cá Por Casa,downloaded
p87HLfOE7cA,3 Primeiras-Damas Muito Especiais (Parte 2) | Cá Por Casa | RTP,https://www.youtube.com/watch?v=p87HLfOE7cA,0.0,208.0,pt-PT,Cá Por Casa,downloaded
U2Ihga-JTQk,3 Primeiras-Damas Muito Especiais (Parte 3) | Cá Por Casa | RTP,https://www.youtube.com/watch?v=U2Ihga-JTQk,0.0,215.0,pt-PT,Cá Por Casa,downloaded
E_ASit0CuUo,"José Cid ""Medley"" | Cá Por Casa | RTP",https://www.youtube.com/watch?v=E_ASit0CuUo,0.0,298.0,pt-PT,Cá Por Casa,downloaded
k4gIMxfvJ3A,Arrastadeira Vermelha (Parte 1) | Cá Por Casa | RTP,https://www.youtube.com/watch?v=k4gIMxfvJ3A,0.0,316.0,pt-PT,Cá Por Casa,downloaded
f6oT3yeBtO4,Arrastadeira Vermelha (Parte 2) | Cá Por Casa | RTP,https://www.youtube.com/watch?v=f6oT3yeBtO4,0.0,190.0,pt-PT,Cá Por Casa,downloaded
Qqby-EguMFQ,Arrastadeira Vermelha (Parte 3) | Cá Por Casa | RTP,https://www.youtube.com/watch?v=Qqby-EguMFQ,0.0,222.0,pt-PT,Cá Por Casa,downloaded
kTGLNCj2mbs,"João Paulo Rodrigues ""Todo o Tempo Do Mundo"" | Cá Por Casa | RTP",https://www.youtube.com/watch?v=kTGLNCj2mbs,0.0,269.0,pt-PT,Cá Por Casa,downloaded
IoZmx01WHFA,Prós Dos Contras (Parte 1) | Cá Por Casa | RTP,https://www.youtube.com/watch?v=IoZmx01WHFA,0.0,188.0,pt-PT,Cá Por Casa,downloaded
5pobsR4aD30,Prós Dos Contras (Parte 2) | Cá Por Casa | RTP,https://www.youtube.com/watch?v=5pobsR4aD30,0.0,204.0,pt-PT,Cá Por Casa,downloaded
l1QGKIMQ03c,Prós Dos Contras (Parte 3) | Cá Por Casa | RTP,https://www.youtube.com/watch?v=l1QGKIMQ03c,0.0,242.0,pt-PT,Cá Por Casa,downloaded
oFVREyyzj_s,"Abelhuda Maya ""Previsões Para 2021"" (Parte1) | Cá Por Casa | RTP",https://www.youtube.com/watch?v=oFVREyyzj_s,0.0,218.0,pt-PT,Cá Por Casa,downloaded
786vrWl5u_A,"Abelhuda Maya ""Previsões Para 2021"" (Parte 2) | Cá Por Casa | RTP",https://www.youtube.com/watch?v=786vrWl5u_A,0.0,260.0,pt-PT,Cá Por Casa,downloaded
_jY0qESvlzw,"Abelhuda Maya ""Previsões Para 2021"" (Parte3) | Cá Por Casa | RTP",https://www.youtube.com/watch?v=_jY0qESvlzw,0.0,198.0,pt-PT,Cá Por Casa,downloaded
wMK9pdnsWWM,"Augusto Canário ""Vamos Brindar"" | Cá Por Casa | RTP",https://www.youtube.com/watch?v=wMK9pdnsWWM,0.0,262.0,pt-PT,Cá Por Casa,downloaded
0wQDp29Z8P8,"""Um Chá Muito Especial"" (Parte 1) | Cá Por Casa | RTP",https://www.youtube.com/watch?v=0wQDp29Z8P8,0.0,291.0,pt-PT,Cá Por Casa,downloaded
IbbQNR31Ei4,"""Um Chá Muito Especial"" (Parte 2) | Cá Por Casa | RTP",https://www.youtube.com/watch?v=IbbQNR31Ei4,0.0,161.0,pt-PT,Cá Por Casa,downloaded
i0EJFple2z4,"""Um Chá Muito Especial"" (Parte 3) | Cá Por Casa | RTP",https://www.youtube.com/watch?v=i0EJFple2z4,0.0,96.0,pt-PT,Cá Por Casa,downloaded
vKjgtUMSVMc,Panela de Pressão com a convidada Maximiana (Parte 1) | Cá Por Casa | RTP,https://www.youtube.com/watch?v=vKjgtUMSVMc,0.0,190.0,pt-PT,Cá Por Casa,downloaded
-2jSnqL5kJ4,Panela de Pressão com a convidada Maximiana (Parte 2) | Cá Por Casa | RTP,https://www.youtube.com/watch?v=-2jSnqL5kJ4,0.0,144.0,pt-PT,Cá Por Casa,downloaded
nU1zE_lHCOs,Panela de Pressão com a convidada Maximiana (Parte 3) | Cá Por Casa | RTP,https://www.youtube.com/watch?v=nU1zE_lHCOs,0.0,238.0,pt-PT,Cá Por Casa,downloaded
LkbLcWX_sKs,António Manuel Ribeiro (UHF) “Cavalos de Corrida” | Cá Por Casa | RTP,https://www.youtube.com/watch?v=LkbLcWX_sKs,0.0,189.0,pt-PT,Cá Por Casa,downloaded
pQ780Dw5pgI,"Lenita Gentil ""Medley Carlos do Carmo""",https://www.youtube.com/watch?v=pQ780Dw5pgI,0.0,279.0,pt-PT,Cá Por Casa,downloaded
8YA7dmPjFik,Big Mano Duplex (Parte 1) | Cá Por Casa | RTP,https://www.youtube.com/watch?v=8YA7dmPjFik,0.0,276.0,pt-PT,Cá Por Casa,downloaded
0AybPQgGNVU,Big Mano Duplex (Parte 2) | Cá Por Casa | RTP,https://www.youtube.com/watch?v=0AybPQgGNVU,0.0,190.0,pt-PT,Cá Por Casa,downloaded
vaptK9obMDI,Big Mano Duplex (Parte 3) | Cá Por Casa | RTP,https://www.youtube.com/watch?v=vaptK9obMDI,0.0,107.0,pt-PT,Cá Por Casa,downloaded
77J6GscvPes,"""Marie Antoinette recebe 3 amigas para lanchar"" (Parte 1) | Cá Por Casa | RTP",https://www.youtube.com/watch?v=77J6GscvPes,0.0,282.0,pt-PT,Cá Por Casa,downloaded
Bhm60AFFdjE,"""Marie Antoinette recebe 3 amigas para lanchar"" (Parte 2) | Cá Por Casa | RTP",https://www.youtube.com/watch?v=Bhm60AFFdjE,0.0,289.0,pt-PT,Cá Por Casa,downloaded
Y6KHlV-QGH4,"""Marie Antoinette recebe 3 amigas para lanchar"" (Parte 3) | Cá Por Casa | RTP",https://www.youtube.com/watch?v=Y6KHlV-QGH4,0.0,184.0,pt-PT,Cá Por Casa,downloaded
5IbV_wub4yM,"""Candidatos à Merdaleija"" (Parte 1) | Cá Por Casa | RTP",https://www.youtube.com/watch?v=5IbV_wub4yM,0.0,283.0,pt-PT,Cá Por Casa,downloaded
ptZ09oP8AUM,"""Candidatos à Merdaleija"" (Parte 2) | Cá Por Casa | RTP",https://www.youtube.com/watch?v=ptZ09oP8AUM,0.0,262.0,pt-PT,Cá Por Casa,downloaded
WIDdVlvzREM,"""Candidatos à Merdaleija"" (Parte 3) | Cá Por Casa | RTP",https://www.youtube.com/watch?v=WIDdVlvzREM,0.0,244.0,pt-PT,Cá Por Casa,downloaded
jDXEuWeo9-A,"Maria do Céu Santo ""Uma Missão Muito Especial"" (Parte 1) | Cá Por Casa | RTP",https://www.youtube.com/watch?v=jDXEuWeo9-A,0.0,315.0,pt-PT,Cá Por Casa,downloaded
4KJ3WjN_sF0,"Maria do Céu Santo ""Uma Missão Muito Especial"" (Parte 2) | Cá Por Casa | RTP",https://www.youtube.com/watch?v=4KJ3WjN_sF0,0.0,323.0,pt-PT,Cá Por Casa,downloaded
lkJGSM8Xt-g,"Maria do Céu Santo ""Uma Missão Muito Especial"" (Parte 3) | Cá Por Casa | RTP",https://www.youtube.com/watch?v=lkJGSM8Xt-g,0.0,207.0,pt-PT,Cá Por Casa,downloaded
P6JxWplV_n0,Uma Galeria Com Quadros Muito Especiais (Parte 1) | Cá Por Casa | RTP,https://www.youtube.com/watch?v=P6JxWplV_n0,0.0,195.0,pt-PT,Cá Por Casa,downloaded
6MLUgTGyW9o,Uma Galeria Com Quadros Muito Especiais (Parte 2) | Cá Por Casa | RTP,https://www.youtube.com/watch?v=6MLUgTGyW9o,0.0,135.0,pt-PT,Cá Por Casa,downloaded
kYu2iU7F6io,Uma Galeria Com Quadros Muito Especiais (Parte 3) | Cá Por Casa | RTP,https://www.youtube.com/watch?v=kYu2iU7F6io,0.0,126.0,pt-PT,Cá Por Casa,downloaded
ryZ_RSM-GGE,Uma Galeria Com Quadros Muito Especiais (Parte 4) | Cá Por Casa | RTP,https://www.youtube.com/watch?v=ryZ_RSM-GGE,0.0,67.0,pt-PT,Cá Por Casa,downloaded
6TJlsaVPiT8,Uma Galeria Com Quadros Muito Especiais (Parte 5) | Cá Por Casa | RTP,https://www.youtube.com/watch?v=6TJlsaVPiT8,0.0,136.0,pt-PT,Cá Por Casa,downloaded
LAchJnfOiRE,Um Cházinho Para Os Camaradas Poetas (Parte 1) | Cá Por Casa | RTP,https://www.youtube.com/watch?v=LAchJnfOiRE,0.0,158.0,pt-PT,Cá Por Casa,downloaded
xiKLBtnojK8,Um Cházinho Para Os Camaradas Poetas (Parte 2) | Cá Por Casa | RTP,https://www.youtube.com/watch?v=xiKLBtnojK8,0.0,239.0,pt-PT,Cá Por Casa,downloaded
R81NNQy8C_I,Um Cházinho Para Os Camaradas Poetas (Parte 3) | Cá Por Casa | RTP,https://www.youtube.com/watch?v=R81NNQy8C_I,0.0,162.0,pt-PT,Cá Por Casa,downloaded
e-Gu4IhqSgc,Um Cházinho Para Os Camaradas Poetas (Parte 4) | Cá Por Casa | RTP,https://www.youtube.com/watch?v=e-Gu4IhqSgc,0.0,172.0,pt-PT,Cá Por Casa,downloaded
xc4eheHXu_c,Um Cházinho Para Os Camaradas Poetas (Parte 5) | Cá Por Casa | RTP,https://www.youtube.com/watch?v=xc4eheHXu_c,0.0,95.0,pt-PT,Cá Por Casa,downloaded
AZdSQ5Pc1C8,Amigos da Menina da Rádio (Parte 1) | Cá Por Casa | RTP,https://www.youtube.com/watch?v=AZdSQ5Pc1C8,0.0,214.0,pt-PT,Cá Por Casa,downloaded
O4xeEP8ww3Y,Amigos da Menina da Rádio (Parte 2) | Cá Por Casa | RTP,https://www.youtube.com/watch?v=O4xeEP8ww3Y,0.0,282.0,pt-PT,Cá Por Casa,downloaded
niToYKfSu1o,Amigos da Menina da Rádio (Parte 4) | Cá Por Casa | RTP,https://www.youtube.com/watch?v=niToYKfSu1o,0.0,83.0,pt-PT,Cá Por Casa,downloaded
6gQy2YiuAe4,Amigos da Menina da Rádio (Parte 5) | Cá Por Casa | RTP,https://www.youtube.com/watch?v=6gQy2YiuAe4,0.0,63.0,pt-PT,Cá Por Casa,downloaded
kV90H-OjYyk,Na Casa de Fados (Parte 1) | Cá Por Casa | RTP,https://www.youtube.com/watch?v=kV90H-OjYyk,0.0,214.0,pt-PT,Cá Por Casa,downloaded
X2UNdJ1f4UI,Na Casa de Fados (Parte 2) | Cá Por Casa | RTP,https://www.youtube.com/watch?v=X2UNdJ1f4UI,0.0,113.0,pt-PT,Cá Por Casa,downloaded
Xpa1okf0Baw,Na Casa de Fados (Parte 3) | Cá Por Casa | RTP,https://www.youtube.com/watch?v=Xpa1okf0Baw,0.0,134.0,pt-PT,Cá Por Casa,downloaded
WVvqPd1cdkA,Na Casa de Fados (Parte 4) | Cá Por Casa | RTP,https://www.youtube.com/watch?v=WVvqPd1cdkA,0.0,198.0,pt-PT,Cá Por Casa,downloaded
1k2cW3WqSvk,Mário Graça Apresenta-nos os Abba (Parte 1) | Cá Por Casa | RTP,https://www.youtube.com/watch?v=1k2cW3WqSvk,0.0,344.0,pt-PT,Cá Por Casa,downloaded
ZKPPdUbmecY,Mário Graça Apresenta-nos os Abba (Parte 2) | Cá Por Casa | RTP,https://www.youtube.com/watch?v=ZKPPdUbmecY,0.0,201.0,pt-PT,Cá Por Casa,downloaded
3Z9VXu_ddJU,Mário Graça Apresenta-nos os Abba (Parte 3) | Cá Por Casa | RTP,https://www.youtube.com/watch?v=3Z9VXu_ddJU,0.0,180.0,pt-PT,Cá Por Casa,downloaded
dvdzTy7VReA,Mário Graça Apresenta-nos os Abba (Parte 4) | Cá Por Casa | RTP,https://www.youtube.com/watch?v=dvdzTy7VReA,0.0,156.0,pt-PT,Cá Por Casa,downloaded
L2s8jPw5mpE,"Anabela ""A Cidade Até Ser Dia"" | Cá Por Casa | RTP",https://www.youtube.com/watch?v=L2s8jPw5mpE,0.0,172.0,pt-PT,Cá Por Casa,downloaded
ijv7mOTGyVo,"Armando Gama ""Esta Balada Que Te Dou | Cá Por Casa | RTP",https://www.youtube.com/watch?v=ijv7mOTGyVo,0.0,191.0,pt-PT,Cá Por Casa,downloaded
kJydp5VhqyU,"Paulo de Carvalho ""Flor Sem Tempo"" | Cá Por Casa | RTP",https://www.youtube.com/watch?v=kJydp5VhqyU,0.0,151.0,pt-PT,Cá Por Casa,downloaded
r5_dRDWIz8o,Cristina Conduz Uma Entrevista Muito Especial (Parte 2)| Cá Por Casa | RTP,https://www.youtube.com/watch?v=r5_dRDWIz8o,0.0,183.0,pt-PT,Cá Por Casa,downloaded
XKdICcNn5eU,Cristina Conduz Uma Entrevista Muito Especial (Parte 1)| Cá Por Casa | RTP,https://www.youtube.com/watch?v=XKdICcNn5eU,0.0,288.0,pt-PT,Cá Por Casa,downloaded
OriPWuogOTY,"""Muammar Khadafi e Sandra Khadafi"" - HERMAN 2010",https://www.youtube.com/watch?v=OriPWuogOTY,0.0,195.0,pt-PT,HERMAN 2010,downloaded
wubg1xvm8eo,"""Infante D. Henrique e Sandra D. Henrique"" - HERMAN 2010",https://www.youtube.com/watch?v=wubg1xvm8eo,0.0,231.0,pt-PT,HERMAN 2010,downloaded
pbocGR1206w,"""Che Guevara e Sandra Guevara"" - HERMAN 2010",https://www.youtube.com/watch?v=pbocGR1206w,0.0,235.0,pt-PT,HERMAN 2010,downloaded
MijbZXKjHY0,Actualidades - 16/10/10 - HERMAN 2010,https://www.youtube.com/watch?v=MijbZXKjHY0,0.0,403.0,pt-PT,HERMAN 2010,downloaded
HbxUAwPeGWk,"""Maximiana lança o seu 3º livro"" - HERMAN 2010",https://www.youtube.com/watch?v=HbxUAwPeGWk,0.0,287.0,pt-PT,HERMAN 2010,downloaded
xMAGr8p3BSo,"""Denise e Maria Delfina"" - HERMAN 2010",https://www.youtube.com/watch?v=xMAGr8p3BSo,0.0,303.0,pt-PT,HERMAN 2010,downloaded
_09NH9PsU3I,Actualidades - 23/10/10 - HERMAN 2010,https://www.youtube.com/watch?v=_09NH9PsU3I,0.0,430.0,pt-PT,HERMAN 2010,downloaded
xoTpxuwHcqg,"""A Tia do Rock Português"" - HERMAN 2010",https://www.youtube.com/watch?v=xoTpxuwHcqg,0.0,200.0,pt-PT,HERMAN 2010,downloaded
MAn-TP_AWgM,"""A Avó do Rock Português"" - HERMAN 2010",https://www.youtube.com/watch?v=MAn-TP_AWgM,0.0,253.0,pt-PT,HERMAN 2010,downloaded
gzhO7jplA1k,Actualidades - 30/10/10 - HERMAN 2010,https://www.youtube.com/watch?v=gzhO7jplA1k,0.0,476.0,pt-PT,HERMAN 2010,downloaded
D8pV15WpqxQ,"""Fernando Fernandes e o matador Sancho Lança"" - HERMAN 2010",https://www.youtube.com/watch?v=D8pV15WpqxQ,0.0,304.0,pt-PT,HERMAN 2010,downloaded
9Pa6SoYR6MM,Actualidades - 06/11/10 - HERMAN 2010,https://www.youtube.com/watch?v=9Pa6SoYR6MM,0.0,481.0,pt-PT,HERMAN 2010,downloaded
8P5m8af9vsg,"""Manifestação Contra a Nato"" - HERMAN 2010",https://www.youtube.com/watch?v=8P5m8af9vsg,0.0,333.0,pt-PT,HERMAN 2010,downloaded
96oUSzHHV84,Actualidades - 13/11/10 - HERMAN 2010,https://www.youtube.com/watch?v=96oUSzHHV84,0.0,594.0,pt-PT,HERMAN 2010,downloaded
a8xlc-P8R90,Actualidades - 20/11/10 - HERMAN 2010,https://www.youtube.com/watch?v=a8xlc-P8R90,0.0,446.0,pt-PT,HERMAN 2010,downloaded
KwYQEE0ugms,"""Tiririca e Batatola"" - HERMAN 2010",https://www.youtube.com/watch?v=KwYQEE0ugms,0.0,305.0,pt-PT,HERMAN 2010,downloaded
rsO7UIC-WjQ,"""José Esteves entrevista Jorge Jesus"" - HERMAN 2010",https://www.youtube.com/watch?v=rsO7UIC-WjQ,0.0,187.0,pt-PT,HERMAN 2010,downloaded
SCD1gqAjd2M,"""José Esteves"" - HERMAN 2010",https://www.youtube.com/watch?v=SCD1gqAjd2M,0.0,201.0,pt-PT,HERMAN 2010,downloaded
9fF0-7wII-E,Actualidades - 27/11/10 - HERMAN 2010,https://www.youtube.com/watch?v=9fF0-7wII-E,0.0,328.0,pt-PT,HERMAN 2010,downloaded
4_3BHu0YPKE,"""Dra Maria Toucinho do Céu"" Parte 2 - HERMAN 2010",https://www.youtube.com/watch?v=4_3BHu0YPKE,0.0,144.0,pt-PT,HERMAN 2010,downloaded
YHurkBesUjg,"""Dra Maria Toucinho do Céu"" Parte 1 - HERMAN 2010",https://www.youtube.com/watch?v=YHurkBesUjg,0.0,266.0,pt-PT,HERMAN 2010,downloaded
FnICm8KnW7k,Actualidades - 04/12/10 - HERMAN 2010,https://www.youtube.com/watch?v=FnICm8KnW7k,0.0,391.0,pt-PT,HERMAN 2010,downloaded
TXjhUDpihtQ,"""Diácono Remédios"" - HERMAN 2010",https://www.youtube.com/watch?v=TXjhUDpihtQ,0.0,499.0,pt-PT,HERMAN 2010,downloaded
PF-zHeOg-tg,Actualidades - 18/12/10 - HERMAN 2010,https://www.youtube.com/watch?v=PF-zHeOg-tg,0.0,571.0,pt-PT,HERMAN 2010,downloaded
J18CfFw_aLw,"""Presidentes do Sindicato do Gamanço"" - HERMAN 2011",https://www.youtube.com/watch?v=J18CfFw_aLw,0.0,319.0,pt-PT,HERMAN 2011,downloaded
vRriUruGLas,Atualidades - 08/01/11 - HERMAN 2011,https://www.youtube.com/watch?v=vRriUruGLas,0.0,365.0,pt-PT,HERMAN 2011,downloaded
ojJ1Lx4PbUQ,"""Catarina Eufémia e Fernando Pessoa"" - HERMAN 2011",https://www.youtube.com/watch?v=ojJ1Lx4PbUQ,0.0,145.0,pt-PT,HERMAN 2011,downloaded
fKPMJo5Tl-k,"""Dom João IV e Dom Filipe II"" - HERMAN 2011",https://www.youtube.com/watch?v=fKPMJo5Tl-k,0.0,221.0,pt-PT,HERMAN 2011,downloaded
GMRX9k_gTRA,"""Marquês de Pombal e Dom José I"" - HERMAN 2011",https://www.youtube.com/watch?v=GMRX9k_gTRA,0.0,146.0,pt-PT,HERMAN 2011,downloaded
IaBHcazdzRs,Atualidades - 19/02/11 - HERMAN 2011,https://www.youtube.com/watch?v=IaBHcazdzRs,0.0,328.0,pt-PT,HERMAN 2011,downloaded
CzCDDIzMoDs,"Fadista ""Felisberto"" - HERMAN 2011",https://www.youtube.com/watch?v=CzCDDIzMoDs,0.0,305.0,pt-PT,HERMAN 2011,downloaded
fX_q6bxjBME,Atualidades - 26/02/11 - HERMAN 2011,https://www.youtube.com/watch?v=fX_q6bxjBME,0.0,488.0,pt-PT,HERMAN 2011,downloaded
Evz19inff-g,"""Ann Germain e Iva Domingues"" Pt3 - HERMAN 2011",https://www.youtube.com/watch?v=Evz19inff-g,0.0,143.0,pt-PT,HERMAN 2011,downloaded
BSlx3isgXV0,"""Ann Germain e Iva Domingues"" Pt2 - HERMAN 2011",https://www.youtube.com/watch?v=BSlx3isgXV0,0.0,137.0,pt-PT,HERMAN 2011,downloaded
gQJ7yMzLnpQ,"""Ann Germain e Iva Domingues"" Pt1 - HERMAN 2011",https://www.youtube.com/watch?v=gQJ7yMzLnpQ,0.0,174.0,pt-PT,HERMAN 2011,downloaded
gjgVailjcjw,Atualidades - 05/03/11 - HERMAN 2011,https://www.youtube.com/watch?v=gjgVailjcjw,0.0,464.0,pt-PT,HERMAN 2011,downloaded
7QYktZE-aJ4,"""Um ladrão, gentleman"" - HERMAN 2011",https://www.youtube.com/watch?v=7QYktZE-aJ4,0.0,195.0,pt-PT,HERMAN 2011,downloaded
JMzkArkrtnU,Atualidades - 12/03/11 - HERMAN 2011,https://www.youtube.com/watch?v=JMzkArkrtnU,0.0,540.0,pt-PT,HERMAN 2011,downloaded
eLTsA2lQErg,"""Homens da Luta"" cantam parabéns a Herman José - HERMAN 2011",https://www.youtube.com/watch?v=eLTsA2lQErg,0.0,64.0,pt-PT,HERMAN 2011,downloaded
TwsGIhSYykA,"""Os Homens da Lapa"" - HERMAN 2011",https://www.youtube.com/watch?v=TwsGIhSYykA,0.0,653.0,pt-PT,HERMAN 2011,downloaded
-cCZCEwySVE,Atualidades - 19/03/11 - HERMAN 2011,https://www.youtube.com/watch?v=-cCZCEwySVE,0.0,722.0,pt-PT,HERMAN 2011,downloaded
UdI6_4jdyvc,"""Maria Antonieta"" - HERMAN 2011",https://www.youtube.com/watch?v=UdI6_4jdyvc,0.0,247.0,pt-PT,HERMAN 2011,downloaded
VORU8YUNnnE,Atualidades - 26/03/11 - HERMAN 2011,https://www.youtube.com/watch?v=VORU8YUNnnE,0.0,338.0,pt-PT,HERMAN 2011,downloaded
8rTTkaddTu0,"""Diácono Remédios"" - HERMAN 2011",https://www.youtube.com/watch?v=8rTTkaddTu0,0.0,280.0,pt-PT,HERMAN 2011,downloaded
U5ESd-1wu08,"""Cristiano Ronaldo e Mãe Dolores"" - HERMAN 2011",https://www.youtube.com/watch?v=U5ESd-1wu08,0.0,311.0,pt-PT,HERMAN 2011,downloaded
vjKVMAXZODg,Atualidades - 02/04/11 - HERMAN 2011,https://www.youtube.com/watch?v=vjKVMAXZODg,0.0,545.0,pt-PT,HERMAN 2011,downloaded
HHaX-mHvZWw,"""Programas da manhã na televisão"" Pt2 - HERMAN 2011",https://www.youtube.com/watch?v=HHaX-mHvZWw,0.0,304.0,pt-PT,HERMAN 2011,downloaded
Gs1hdC7MZyg,"""Programas da manhã na televisão"" Pt1 - HERMAN 2011",https://www.youtube.com/watch?v=Gs1hdC7MZyg,0.0,573.0,pt-PT,HERMAN 2011,downloaded
BCZ9WpbrMVs,Atualidades - 09/04/11 - HERMAN 2011,https://www.youtube.com/watch?v=BCZ9WpbrMVs,0.0,440.0,pt-PT,HERMAN 2011,downloaded
CIW04UO0dQI,Atualidades - 16/04/11 - HERMAN 2011,https://www.youtube.com/watch?v=CIW04UO0dQI,0.0,434.0,pt-PT,HERMAN 2011,downloaded
FVxT0fuLxWg,"""José Esteves entrevista Jorge Jesus"" - HERMAN 2011",https://www.youtube.com/watch?v=FVxT0fuLxWg,0.0,244.0,pt-PT,HERMAN 2011,downloaded
fnCtIogcHNg,"""Rui Santos entrevista Helena Sacadura Cabral"" - HERMAN 2011",https://www.youtube.com/watch?v=fnCtIogcHNg,0.0,332.0,pt-PT,HERMAN 2011,downloaded
l_h4id5TzLw,"""Maximiana"" - HERMAN 2011",https://www.youtube.com/watch?v=l_h4id5TzLw,0.0,344.0,pt-PT,HERMAN 2011,downloaded
ogehrUq_vKU,"""Prof Hermano Saraiva"" - HERMAN 2011",https://www.youtube.com/watch?v=ogehrUq_vKU,0.0,203.0,pt-PT,HERMAN 2011,downloaded
j6qRiwzV48Q,"""Angela Merkel"" junto das crianças portuguesas - HERMAN 2011",https://www.youtube.com/watch?v=j6qRiwzV48Q,0.0,172.0,pt-PT,HERMAN 2011,downloaded
P4pgspiYvT8,"Cantor de intervenção ""Rui Tomé"" - HERMAN 2011",https://www.youtube.com/watch?v=P4pgspiYvT8,0.0,358.0,pt-PT,HERMAN 2011,downloaded
-QpgZ-76gkI,"""Adosinda Antunes"" cozinheira do Bin Laden - HERMAN 2011",https://www.youtube.com/watch?v=-QpgZ-76gkI,0.0,170.0,pt-PT,HERMAN 2011,downloaded
Yh7qUNZmhpg,Atualidades - 07/05/11 - HERMAN 2011,https://www.youtube.com/watch?v=Yh7qUNZmhpg,0.0,420.0,pt-PT,HERMAN 2011,downloaded
yqe-2QhSYxM,Casamento de William e Kate pt1 - HERMAN 2011,https://www.youtube.com/watch?v=yqe-2QhSYxM,0.0,188.0,pt-PT,HERMAN 2011,downloaded
qBXcIptvqnM,Casamento de William e Kate pt2 - HERMAN 2011,https://www.youtube.com/watch?v=qBXcIptvqnM,0.0,188.0,pt-PT,HERMAN 2011,downloaded
hmZ3AXa_vLU,Atualidades - 14/05/11 - HERMAN 2011,https://www.youtube.com/watch?v=hmZ3AXa_vLU,0.0,415.0,pt-PT,HERMAN 2011,downloaded
g18h7K295s0,"""Peso Pesado Inteletual"" - HERMAN 2011",https://www.youtube.com/watch?v=g18h7K295s0,0.0,514.0,pt-PT,HERMAN 2011,downloaded
boTVXVsdzag,Atualidades - 21/05/11 - HERMAN 2011,https://www.youtube.com/watch?v=boTVXVsdzag,0.0,585.0,pt-PT,HERMAN 2011,downloaded
wHDwIuAsIzg,"""Perdidos na Tribo"" Parte 1 - HERMAN 2011",https://www.youtube.com/watch?v=wHDwIuAsIzg,0.0,178.0,pt-PT,HERMAN 2011,downloaded
Faoz2isqrvg,Atualidades - 28/05/11 - HERMAN 2011,https://www.youtube.com/watch?v=Faoz2isqrvg,0.0,455.0,pt-PT,HERMAN 2011,downloaded
WOTd-7XGiZw,"""Quem Tramou PETER PAM?"" - HERMAN 2011",https://www.youtube.com/watch?v=WOTd-7XGiZw,0.0,327.0,pt-PT,HERMAN 2011,downloaded
I1q61byiuyU,Amy Winehouse e Beatriz Costa - HERMAN 2011,https://www.youtube.com/watch?v=I1q61byiuyU,0.0,298.0,pt-PT,HERMAN 2011,downloaded
ZsWQicHFxj8,Atualidades - 17/09/11 - HERMAN 2011,https://www.youtube.com/watch?v=ZsWQicHFxj8,0.0,473.0,pt-PT,HERMAN 2011,downloaded
Glu8dIe9Onw,Atualidades - 24/09/11 - HERMAN 2011,https://www.youtube.com/watch?v=Glu8dIe9Onw,0.0,559.0,pt-PT,HERMAN 2011,downloaded
UEEO_QT2haA,"Irmãos Duplos ""Duplex"" - HERMAN 2011",https://www.youtube.com/watch?v=UEEO_QT2haA,0.0,277.0,pt-PT,HERMAN 2011,downloaded
RFkdNrPbOtg,"Sérgio ""Borges"" Godinho - HERMAN 2011",https://www.youtube.com/watch?v=RFkdNrPbOtg,0.0,137.0,pt-PT,HERMAN 2011,downloaded
2R9SmkvMApg,Atualidades - 01/10/11 - HERMAN 2011,https://www.youtube.com/watch?v=2R9SmkvMApg,0.0,397.0,pt-PT,HERMAN 2011,downloaded
wn-doCJ-qOw,"""Duquesa de Alba e Alfonso Díez"" - HERMAN 2011",https://www.youtube.com/watch?v=wn-doCJ-qOw,0.0,217.0,pt-PT,HERMAN 2011,downloaded
NIUEbNCkrQw,"""Agora É Que Conta"" - HERMAN 2011",https://www.youtube.com/watch?v=NIUEbNCkrQw,0.0,255.0,pt-PT,HERMAN 2011,downloaded
NTSidWMo2s4,Atualidades - 08/10/11 - HERMAN 2011,https://www.youtube.com/watch?v=NTSidWMo2s4,0.0,369.0,pt-PT,HERMAN 2011,downloaded
mjLXSyu24X4,"""Maximiana"" - HERMAN 2011",https://www.youtube.com/watch?v=mjLXSyu24X4,0.0,291.0,pt-PT,HERMAN 2011,downloaded
4pOa8S1dwlU,Atualidades - 15/10/11 - HERMAN 2011,https://www.youtube.com/watch?v=4pOa8S1dwlU,0.0,389.0,pt-PT,HERMAN 2011,downloaded
jA0U1s7Kfmg,"""MasterChef"" - HERMAN 2011",https://www.youtube.com/watch?v=jA0U1s7Kfmg,0.0,308.0,pt-PT,HERMAN 2011,downloaded
68VbUEYvWLk,Atualidades - 22/10/11 - HERMAN 2011,https://www.youtube.com/watch?v=68VbUEYvWLk,0.0,322.0,pt-PT,HERMAN 2011,downloaded
VTn1ELVoeCU,"""José Esteves"" entrevista ""Fábio Coentrão"" - HERMAN 2011",https://www.youtube.com/watch?v=VTn1ELVoeCU,0.0,386.0,pt-PT,HERMAN 2011,downloaded
PokdhxGp--U,Atualidades - 29/10/11 - HERMAN 2011,https://www.youtube.com/watch?v=PokdhxGp--U,0.0,340.0,pt-PT,HERMAN 2011,downloaded
6ULxBJKYEUA,"""Carla Bruni"" - HERMAN 2011",https://www.youtube.com/watch?v=6ULxBJKYEUA,0.0,229.0,pt-PT,HERMAN 2011,downloaded
NLNHdFZVFRo,"""Professor José Hermano Saraiva"" - HERMAN 2011",https://www.youtube.com/watch?v=NLNHdFZVFRo,0.0,231.0,pt-PT,HERMAN 2011,downloaded
ft9tqjGeZv0,Atualidades - 05/11/11 - HERMAN 2011,https://www.youtube.com/watch?v=ft9tqjGeZv0,0.0,444.0,pt-PT,HERMAN 2011,downloaded
mEf9_dgqZGM,"""Diácono Remédios"" - HERMAN 2011",https://www.youtube.com/watch?v=mEf9_dgqZGM,0.0,305.0,pt-PT,HERMAN 2011,downloaded
BbTEPrIwlWc,"""A Menina da Rádio"" - HERMAN 2011",https://www.youtube.com/watch?v=BbTEPrIwlWc,0.0,240.0,pt-PT,HERMAN 2011,downloaded
u-63hjQLnDY,Atualidades - 12/11/11 - HERMAN 2011,https://www.youtube.com/watch?v=u-63hjQLnDY,0.0,452.0,pt-PT,HERMAN 2011,downloaded
eBkUqtsx_Ug,"""Katyzinha"" - HERMAN 2011",https://www.youtube.com/watch?v=eBkUqtsx_Ug,0.0,240.0,pt-PT,HERMAN 2011,downloaded
5u82qBnoT7I,"""Professor Herman José Saraiva"" - HERMAN 2011",https://www.youtube.com/watch?v=5u82qBnoT7I,0.0,228.0,pt-PT,HERMAN 2011,downloaded
nzt1V3dwaO8,Atualidades - 19/11/11 - HERMAN 2011,https://www.youtube.com/watch?v=nzt1V3dwaO8,0.0,497.0,pt-PT,HERMAN 2011,downloaded
JuAhyneNxpw,"""José Esteves"" - HERMAN 2011",https://www.youtube.com/watch?v=JuAhyneNxpw,0.0,408.0,pt-PT,HERMAN 2011,downloaded
2NSIU4fs7j8,"""Frida Kahlo"" - HERMAN 2011",https://www.youtube.com/watch?v=2NSIU4fs7j8,0.0,357.0,pt-PT,HERMAN 2011,downloaded
P3X-EKA4sR4,Atualidades - 26/11/11 - HERMAN 2011,https://www.youtube.com/watch?v=P3X-EKA4sR4,0.0,284.0,pt-PT,HERMAN 2011,downloaded
WRVNd4QU49M,Atualidades - 03/12/11 - HERMAN 2011,https://www.youtube.com/watch?v=WRVNd4QU49M,0.0,308.0,pt-PT,HERMAN 2011,downloaded
Z1x0wAVs0eA,"""Dom Quichote e Sancho Pança"" - HERMAN 2011",https://www.youtube.com/watch?v=Z1x0wAVs0eA,0.0,278.0,pt-PT,HERMAN 2011,downloaded
8Syxg4GWjow,"Nuno Markl ""TOP5"" - HERMAN 2011",https://www.youtube.com/watch?v=8Syxg4GWjow,0.0,1018.0,pt-PT,HERMAN 2011,downloaded
cWdP31555CE,Atualidades - 10/12/11 - HERMAN 2011,https://www.youtube.com/watch?v=cWdP31555CE,0.0,508.0,pt-PT,HERMAN 2011,downloaded
3Usp814r5aU,"""Maria Callas"" - HERMAN 2011",https://www.youtube.com/watch?v=3Usp814r5aU,0.0,417.0,pt-PT,HERMAN 2011,downloaded
6v1Vjzo9p4c,"Herman e ""Il Divo"" - Canto Alentejano",https://www.youtube.com/watch?v=6v1Vjzo9p4c,0.0,53.0,pt-PT,HERMAN 2011,downloaded
42_DLxNV1cc,Atualidades - 17/12/11 - HERMAN 2011,https://www.youtube.com/watch?v=42_DLxNV1cc,0.0,435.0,pt-PT,HERMAN 2011,downloaded
NfXn4axSE6o,"""Felisberto Desgraçado"" - HERMAN 2011",https://www.youtube.com/watch?v=NfXn4axSE6o,0.0,758.0,pt-PT,HERMAN 2011,downloaded
IPoq_BQkwFM,Atualidades - 14/01/12 - HERMAN 2012,https://www.youtube.com/watch?v=IPoq_BQkwFM,0.0,421.0,pt-PT,HERMAN 2012,downloaded
Bd8S3uYaQOU,"""Mário Graça - O Fim do Mundo"" - Parte 2 - HERMAN 2012",https://www.youtube.com/watch?v=Bd8S3uYaQOU,0.0,263.0,pt-PT,HERMAN 2012,downloaded
rqxwh1L3Ff0,"""Mário Graça - O Fim do Mundo"" - Parte 3 - HERMAN 2012",https://www.youtube.com/watch?v=rqxwh1L3Ff0,0.0,227.0,pt-PT,HERMAN 2012,downloaded
X7jm04_zvH4,"""Mário Graça - O Fim do Mundo"" - Parte 1 - HERMAN 2012",https://www.youtube.com/watch?v=X7jm04_zvH4,0.0,195.0,pt-PT,HERMAN 2012,downloaded
RK6ATL3TEG8,Atualidades - 21/01/12 - HERMAN 2012,https://www.youtube.com/watch?v=RK6ATL3TEG8,0.0,430.0,pt-PT,HERMAN 2012,downloaded
ifbP9jprYGM,"""Sociedades Secretas"" - Os Garçons - HERMAN 2012",https://www.youtube.com/watch?v=ifbP9jprYGM,0.0,211.0,pt-PT,HERMAN 2012,downloaded
I86t8_uaxpA,"""Sociedades Secretas"" - Os Batons - HERMAN 2012",https://www.youtube.com/watch?v=I86t8_uaxpA,0.0,175.0,pt-PT,HERMAN 2012,downloaded
F3uPbfVJENU,"""Sociedades Secretas"" - Os Tallons - HERMAN 2012",https://www.youtube.com/watch?v=F3uPbfVJENU,0.0,142.0,pt-PT,HERMAN 2012,downloaded
k1U-o0Dxh4Q,"""Sociedades Secretas"" - Os Bidons - HERMAN 2012",https://www.youtube.com/watch?v=k1U-o0Dxh4Q,0.0,207.0,pt-PT,HERMAN 2012,downloaded
kvy6l67Xj-U,"""Sociedades Secretas"" - Os Emplastrons - HERMAN 2012",https://www.youtube.com/watch?v=kvy6l67Xj-U,0.0,147.0,pt-PT,HERMAN 2012,downloaded
Amc40dWypNE,"""Debate Sobre Guimarães"" - Parte 2 - HERMAN 2012",https://www.youtube.com/watch?v=Amc40dWypNE,0.0,240.0,pt-PT,HERMAN 2012,downloaded
0uFupHLJVic,"""Debate Sobre Guimarães"" - Parte 1 - HERMAN 2012",https://www.youtube.com/watch?v=0uFupHLJVic,0.0,211.0,pt-PT,HERMAN 2012,downloaded
Wl-hqx71Noc,Atualidades - 28/01/12 - HERMAN 2012,https://www.youtube.com/watch?v=Wl-hqx71Noc,0.0,513.0,pt-PT,HERMAN 2012,downloaded
U43wL-YHgZ8,"""Debate Sobre Guimarães"" - Parte 3 - HERMAN 2012",https://www.youtube.com/watch?v=U43wL-YHgZ8,0.0,214.0,pt-PT,HERMAN 2012,downloaded
6TYIkJ9BoZs,Atualidades - 11/02/12 - HERMAN 2012,https://www.youtube.com/watch?v=6TYIkJ9BoZs,0.0,453.0,pt-PT,HERMAN 2012,downloaded
B0CX34tkqLQ,"""Dr VAI-TE"" Parte 2 - HERMAN 2012",https://www.youtube.com/watch?v=B0CX34tkqLQ,0.0,326.0,pt-PT,HERMAN 2012,downloaded
rmo3n9cQ0vA,"""Dr VAI-TE"" Parte 1 - HERMAN 2012",https://www.youtube.com/watch?v=rmo3n9cQ0vA,0.0,393.0,pt-PT,HERMAN 2012,downloaded
cvMlaMlScWs,"""José Esteves"" - Parte 2 - HERMAN 2012",https://www.youtube.com/watch?v=cvMlaMlScWs,0.0,201.0,pt-PT,HERMAN 2012,downloaded
DC-IrcaTQ0U,Atualidades - 25/02/12 - HERMAN 2012,https://www.youtube.com/watch?v=DC-IrcaTQ0U,0.0,427.0,pt-PT,HERMAN 2012,downloaded
H5_Hza8jMaY,"""José Esteves"" - Parte 1 - HERMAN 2012",https://www.youtube.com/watch?v=H5_Hza8jMaY,0.0,288.0,pt-PT,HERMAN 2012,downloaded
H9mrRTZH6Ik,"""Rainha Santa Isabel e D. Dinis"" Parte 3 - HERMAN 2012",https://www.youtube.com/watch?v=H9mrRTZH6Ik,0.0,172.0,pt-PT,HERMAN 2012,downloaded
ibBWMZbu5KE,"""Rainha Santa Isabel e D. Dinis"" Parte 2 - HERMAN 2012",https://www.youtube.com/watch?v=ibBWMZbu5KE,0.0,207.0,pt-PT,HERMAN 2012,downloaded
eKKwlaIbyyU,Atualidades - 31/03/12 - HERMAN 2012,https://www.youtube.com/watch?v=eKKwlaIbyyU,0.0,493.0,pt-PT,HERMAN 2012,downloaded
62aduHaA1Ag,"""Rainha Santa Isabel e D. Dinis"" Parte 1 - HERMAN 2012",https://www.youtube.com/watch?v=62aduHaA1Ag,0.0,231.0,pt-PT,HERMAN 2012,downloaded
RmJdwVzrH6k,Atualidades - 07/04/12 - HERMAN 2012,https://www.youtube.com/watch?v=RmJdwVzrH6k,0.0,342.0,pt-PT,HERMAN 2012,downloaded
jhN_BP2CJSo,"""José Esteves"" - Parte 1 - HERMAN 2012",https://www.youtube.com/watch?v=jhN_BP2CJSo,0.0,323.0,pt-PT,HERMAN 2012,downloaded
qmZooGIBcwY,"""José Esteves"" - Parte 2 - HERMAN 2012",https://www.youtube.com/watch?v=qmZooGIBcwY,0.0,293.0,pt-PT,HERMAN 2012,downloaded
hBqSNUNZXLw,Atualidades - 21/04/12 - HERMAN 2012,https://www.youtube.com/watch?v=hBqSNUNZXLw,0.0,515.0,pt-PT,HERMAN 2012,downloaded
mTghx2SgxCc,"""Marilia Gabriela entrevista Fernando Pessoa"" Parte 2 - HERMAN 2012",https://www.youtube.com/watch?v=mTghx2SgxCc,0.0,270.0,pt-PT,HERMAN 2012,downloaded
wmCsgxI4UVw,"""Marilia Gabriela entrevista Fernando Pessoa"" Parte 1 - HERMAN 2012",https://www.youtube.com/watch?v=wmCsgxI4UVw,0.0,277.0,pt-PT,HERMAN 2012,downloaded
13LqUkk8hu4,Atualidades - 05/05/12 - HERMAN 2012,https://www.youtube.com/watch?v=13LqUkk8hu4,0.0,547.0,pt-PT,HERMAN 2012,downloaded
EcFZsszS5BE,"""Diácono Remédios e Dona Bernardete"" Parte 1 - HERMAN 2012",https://www.youtube.com/watch?v=EcFZsszS5BE,0.0,255.0,pt-PT,HERMAN 2012,downloaded
j60j9zI7Tcw,"""Diácono Remédios e Dona Bernardete"" Parte 2 - HERMAN 2012",https://www.youtube.com/watch?v=j60j9zI7Tcw,0.0,298.0,pt-PT,HERMAN 2012,downloaded
HV-NCDXrPFs,"""Agência Funerária Adeuzóvaitimbora"" Parte 2 - HERMAN 2012",https://www.youtube.com/watch?v=HV-NCDXrPFs,0.0,300.0,pt-PT,HERMAN 2012,downloaded
iFPSFiqxxs0,Atualidades - 12/05/12 - HERMAN 2012,https://www.youtube.com/watch?v=iFPSFiqxxs0,0.0,425.0,pt-PT,HERMAN 2012,downloaded
jR7ehiH7NBk,"""Agência Funerária Adeuzóvaitimbora"" Parte 1 - HERMAN 2012",https://www.youtube.com/watch?v=jR7ehiH7NBk,0.0,304.0,pt-PT,HERMAN 2012,downloaded
zfzfBPnrrcI,Atualidades - 19/05/12 - HERMAN 2012,https://www.youtube.com/watch?v=zfzfBPnrrcI,0.0,550.0,pt-PT,HERMAN 2012,downloaded
-ajh7-WZKzE,"""D Pedro I e Leopoldina de Aústria"" Parte 1 - HERMAN 2012",https://www.youtube.com/watch?v=-ajh7-WZKzE,0.0,236.0,pt-PT,HERMAN 2012,downloaded
7N7qiZjFMwU,"""D Pedro I e Leopoldina de Aústria"" Parte 2 - HERMAN 2012",https://www.youtube.com/watch?v=7N7qiZjFMwU,0.0,200.0,pt-PT,HERMAN 2012,downloaded
cTUvLW6eRrk,Atualidades - 26/05/12 - HERMAN 2012,https://www.youtube.com/watch?v=cTUvLW6eRrk,0.0,427.0,pt-PT,HERMAN 2012,downloaded
wZyGLPfqHS8,"""A Ceia dos Cardeais"" Parte 1 - HERMAN 2012",https://www.youtube.com/watch?v=wZyGLPfqHS8,0.0,238.0,pt-PT,HERMAN 2012,downloaded
BTvIgsSbBqY,"""A Ceia dos Cardeais"" Parte 2 - HERMAN 2012",https://www.youtube.com/watch?v=BTvIgsSbBqY,0.0,194.0,pt-PT,HERMAN 2012,downloaded
QqiwReyRJ70,Atualidades - 02/06/12 - HERMAN 2012,https://www.youtube.com/watch?v=QqiwReyRJ70,0.0,397.0,pt-PT,HERMAN 2012,downloaded
W53Ky5MuY6I,"""Maya faz previsões a Angela Merkel"" Parte 1 - HERMAN 2012",https://www.youtube.com/watch?v=W53Ky5MuY6I,0.0,295.0,pt-PT,HERMAN 2012,downloaded
rNPBh69KnVA,"""Maya faz previsões a Angela Merkel"" Parte 2 - HERMAN 2012",https://www.youtube.com/watch?v=rNPBh69KnVA,0.0,215.0,pt-PT,HERMAN 2012,downloaded
iHAoLNtqe3g,Atualidades - 16/06/12 - HERMAN 2012,https://www.youtube.com/watch?v=iHAoLNtqe3g,0.0,326.0,pt-PT,HERMAN 2012,downloaded
jQi2m8D6jaA,"""José Esteves"" - Pt 1 - HERMAN 2012",https://www.youtube.com/watch?v=jQi2m8D6jaA,0.0,233.0,pt-PT,HERMAN 2012,downloaded
tSseL7LayeQ,"""José Esteves"" - Pt 2 - HERMAN 2012",https://www.youtube.com/watch?v=tSseL7LayeQ,0.0,263.0,pt-PT,HERMAN 2012,downloaded
_vCbuDklcuI,Atualidades - 08/09/12 - HERMAN 2012,https://www.youtube.com/watch?v=_vCbuDklcuI,0.0,328.0,pt-PT,HERMAN 2012,downloaded
Hl4YTvxpk28,"""Dancing Gays"" - HERMAN 2012",https://www.youtube.com/watch?v=Hl4YTvxpk28,0.0,314.0,pt-PT,HERMAN 2012,downloaded
Qv9nr0SjM3Q,"""Dancing Gays"" 2ªParte - HERMAN 2012",https://www.youtube.com/watch?v=Qv9nr0SjM3Q,0.0,210.0,pt-PT,HERMAN 2012,downloaded
AB-_NPikzIE,"""Dancing Gays"" 1ªParte - HERMAN 2012",https://www.youtube.com/watch?v=AB-_NPikzIE,0.0,299.0,pt-PT,HERMAN 2012,downloaded
wH9ddRQb-bA,Atualidades - 15/09/12 - HERMAN 2012,https://www.youtube.com/watch?v=wH9ddRQb-bA,0.0,371.0,pt-PT,HERMAN 2012,downloaded
9zv_1hHh3Kk,"""Dancing Gays"" Parte 2 - HERMAN 2012",https://www.youtube.com/watch?v=9zv_1hHh3Kk,0.0,254.0,pt-PT,HERMAN 2012,downloaded
kLvQZl_Y8xU,"""Dancing Gays"" Parte 1 - HERMAN 2012",https://www.youtube.com/watch?v=kLvQZl_Y8xU,0.0,350.0,pt-PT,HERMAN 2012,downloaded
w3TOA8b0iAE,Atualidades - 22/09/12 - HERMAN 2012,https://www.youtube.com/watch?v=w3TOA8b0iAE,0.0,498.0,pt-PT,HERMAN 2012,downloaded
iJBQJ0DPwPU,Atualidades - 30/09/12 - HERMAN 2012,https://www.youtube.com/watch?v=iJBQJ0DPwPU,0.0,553.0,pt-PT,HERMAN 2012,downloaded
oQDyCWnT6QQ,"""Dancing Gays"" - Gabriela - Parte 1 - HERMAN 2012",https://www.youtube.com/watch?v=oQDyCWnT6QQ,0.0,238.0,pt-PT,HERMAN 2012,downloaded
55gARn3KCzI,"""Dancing Gays"" - Gabriela - Parte 2 - HERMAN 2012",https://www.youtube.com/watch?v=55gARn3KCzI,0.0,282.0,pt-PT,HERMAN 2012,downloaded
yxE5bHcBVcU,"""Dancing Gays"" - Teresa Guilherme e Vítor Gaspar - Parte 2 - HERMAN 2012",https://www.youtube.com/watch?v=yxE5bHcBVcU,0.0,296.0,pt-PT,HERMAN 2012,downloaded
JQ6jjZN--s8,"""Dancing Gays"" com Teresa Guilherme e Vítor Gaspar - Parte 1 - HERMAN 2012",https://www.youtube.com/watch?v=JQ6jjZN--s8,0.0,360.0,pt-PT,HERMAN 2012,downloaded
f93QLc6hKBQ,Atualidades - 06/10/12 - HERMAN 2012,https://www.youtube.com/watch?v=f93QLc6hKBQ,0.0,482.0,pt-PT,HERMAN 2012,downloaded
m2N8Um-8PPo,Atualidades - 13/10/12 - HERMAN 2012,https://www.youtube.com/watch?v=m2N8Um-8PPo,0.0,462.0,pt-PT,HERMAN 2012,downloaded
NOzQXtzGw94,"""Dancing Gays"" - António Sala e Manuela Ferreira Leite - HERMAN 2012",https://www.youtube.com/watch?v=NOzQXtzGw94,0.0,324.0,pt-PT,HERMAN 2012,downloaded
SZL7hifNs9Q,Atualidades - 20/10/12 - HERMAN 2012,https://www.youtube.com/watch?v=SZL7hifNs9Q,0.0,509.0,pt-PT,HERMAN 2012,downloaded
cFm1NrhWW-Q,"""Dancing Gays"" - Manuel Ferreira Leite e António Sala - HERMAN 2012",https://www.youtube.com/watch?v=cFm1NrhWW-Q,0.0,398.0,pt-PT,HERMAN 2012,downloaded
8Ncwjrm5PYs,"""A República de pernas pró ar"" - HERMAN 2012",https://www.youtube.com/watch?v=8Ncwjrm5PYs,0.0,165.0,pt-PT,HERMAN 2012,downloaded
_QvBQxZ01fE,"""D. Nuno Álvares Pereira"" - HERMAN 2012",https://www.youtube.com/watch?v=_QvBQxZ01fE,0.0,235.0,pt-PT,HERMAN 2012,downloaded
7FX1Vr8HLJk,Atualidades - 27/10/12 - HERMAN 2012,https://www.youtube.com/watch?v=7FX1Vr8HLJk,0.0,656.0,pt-PT,HERMAN 2012,downloaded
aiMPqgleyMk,Atualidades - 03/11/12 - HERMAN 2012,https://www.youtube.com/watch?v=aiMPqgleyMk,0.0,602.0,pt-PT,HERMAN 2012,downloaded
fhKioAs7s1A,"""Associação da Defesa dos Direitos dos Fumadores"" - HERMAN 2012",https://www.youtube.com/watch?v=fhKioAs7s1A,0.0,390.0,pt-PT,HERMAN 2012,downloaded
5HYTaeo0Vc4,"""Associação da Defesa dos Direitos dos Fumadores"" - HERMAN 2012",https://www.youtube.com/watch?v=5HYTaeo0Vc4,0.0,312.0,pt-PT,HERMAN 2012,downloaded
gZ6Q80q3Sik,"""José Esteves sobre Fernando Póvoas "" - HERMAN 2012",https://www.youtube.com/watch?v=gZ6Q80q3Sik,0.0,265.0,pt-PT,HERMAN 2012,downloaded
G4fCXFTE_tA,Atualidades - 10/11/12 - HERMAN 2012,https://www.youtube.com/watch?v=G4fCXFTE_tA,0.0,533.0,pt-PT,HERMAN 2012,downloaded
jH_0ZnIJyrM,Atualidades - 17/11/12 - HERMAN 2012,https://www.youtube.com/watch?v=jH_0ZnIJyrM,0.0,611.0,pt-PT,HERMAN 2012,downloaded
9vBb8GWXZfU,"""O Radialista Mário Graça"" - 17/11/12 - HERMAN 2012",https://www.youtube.com/watch?v=9vBb8GWXZfU,0.0,245.0,pt-PT,HERMAN 2012,downloaded
6OjVY9etnBk,Atualidades - 24/11/12 - HERMAN 2012,https://www.youtube.com/watch?v=6OjVY9etnBk,0.0,545.0,pt-PT,HERMAN 2012,downloaded
z1UzfIee5-4,"""Joana d'Arc e o inquisidor Torquemada"" - HERMAN 2012",https://www.youtube.com/watch?v=z1UzfIee5-4,0.0,354.0,pt-PT,HERMAN 2012,downloaded
8E86-MLww6g,Atualidades - 01/12/12 - HERMAN 2012,https://www.youtube.com/watch?v=8E86-MLww6g,0.0,541.0,pt-PT,HERMAN 2012,downloaded
FObnzP0dYAk,"""Maximiana e seu sobrinho"" Pt 2 - HERMAN 2012",https://www.youtube.com/watch?v=FObnzP0dYAk,0.0,297.0,pt-PT,HERMAN 2012,downloaded
f_2KgbVLXO8,"""Maximiana e seu sobrinho"" Pt 1 - HERMAN 2012",https://www.youtube.com/watch?v=f_2KgbVLXO8,0.0,323.0,pt-PT,HERMAN 2012,downloaded
pB5ZM6qRIBU,"""Raimundo e Ramiro Reis"" - 08/12/12 - HERMAN 2012",https://www.youtube.com/watch?v=pB5ZM6qRIBU,0.0,332.0,pt-PT,HERMAN 2012,downloaded
HfBmt6PJws8,Atualidades - 08/12/12 - HERMAN 2012,https://www.youtube.com/watch?v=HfBmt6PJws8,0.0,519.0,pt-PT,HERMAN 2012,downloaded
33N_KTqj2Wk,Atualidades - 15/12/12 - HERMAN 2012,https://www.youtube.com/watch?v=33N_KTqj2Wk,0.0,512.0,pt-PT,HERMAN 2012,downloaded
EwsoR-dQ3zA,"""Reis Magos"" - 15/12/12 - HERMAN 2012",https://www.youtube.com/watch?v=EwsoR-dQ3zA,0.0,405.0,pt-PT,HERMAN 2012,downloaded
Z8DZ78GUW9k,"""Marco e Cátia no confessionário"" - HERMAN 2013",https://www.youtube.com/watch?v=Z8DZ78GUW9k,0.0,442.0,pt-PT,HERMAN 2013,downloaded
Tx8J-M5jYiY,"""Notícias com sotaques de Portugal"" - HERMAN 2013",https://www.youtube.com/watch?v=Tx8J-M5jYiY,0.0,294.0,pt-PT,HERMAN 2013,downloaded
foOlX-aOsR4,"""Mahatma Gandhi e Gal Costa - HERMAN 2013",https://www.youtube.com/watch?v=foOlX-aOsR4,0.0,214.0,pt-PT,HERMAN 2013,downloaded
1NiHR5VGsPw,"""Toulouse-Lautrec"" - HERMAN 2013",https://www.youtube.com/watch?v=1NiHR5VGsPw,0.0,227.0,pt-PT,HERMAN 2013,downloaded
RUT0X9-rNqM,"""TV Rural"" - HERMAN 2013",https://www.youtube.com/watch?v=RUT0X9-rNqM,0.0,273.0,pt-PT,HERMAN 2013,downloaded
za-2knc4A1Q,"""Professor José Hermano Saraiva "" - HERMAN 2013",https://www.youtube.com/watch?v=za-2knc4A1Q,0.0,320.0,pt-PT,HERMAN 2013,downloaded
Y_DeP67x-ww,"""Simone: Oito Séculos de Vida e Obra"" - HERMAN 2013",https://www.youtube.com/watch?v=Y_DeP67x-ww,0.0,291.0,pt-PT,HERMAN 2013,downloaded
WskCfSQERuQ,"""Telejornal XXI"" - HERMAN 2013",https://www.youtube.com/watch?v=WskCfSQERuQ,0.0,432.0,pt-PT,HERMAN 2013,downloaded
L2le624i5Mc,"""José Hermano Saraiva"" - HERMAN 2013",https://www.youtube.com/watch?v=L2le624i5Mc,0.0,259.0,pt-PT,HERMAN 2013,downloaded
aIbfJvvAGPM,"""Câmara Escurinha"" - HERMAN 2013",https://www.youtube.com/watch?v=aIbfJvvAGPM,0.0,240.0,pt-PT,HERMAN 2013,downloaded
s5T2L4EBTok,"""Diácono Remédios com a Irmã Babilónia"" - HERMAN 2013",https://www.youtube.com/watch?v=s5T2L4EBTok,0.0,340.0,pt-PT,HERMAN 2013,downloaded
dc1fP67cBwI,"""Felisberto Desgraçado"" - HERMAN 2013",https://www.youtube.com/watch?v=dc1fP67cBwI,0.0,288.0,pt-PT,HERMAN 2013,downloaded
wdic1o11JTU,"""Filipa Vacondeus e a Deusa Afrodite"" - HERMAN 2013",https://www.youtube.com/watch?v=wdic1o11JTU,0.0,290.0,pt-PT,HERMAN 2013,downloaded
gUV5tUiO9NA,"""Cátia e Fanny"" - HERMAN 2013",https://www.youtube.com/watch?v=gUV5tUiO9NA,0.0,261.0,pt-PT,HERMAN 2013,downloaded
gzwwq4ywNnY,"""R & R Bifanas VIP"" - HERMAN 2013",https://www.youtube.com/watch?v=gzwwq4ywNnY,0.0,335.0,pt-PT,HERMAN 2013,downloaded
qVn1U04NnAk,"""O mentalista João Blümel faz truque arriscado"" - HERMAN 2013",https://www.youtube.com/watch?v=qVn1U04NnAk,0.0,1035.0,pt-PT,HERMAN 2013,downloaded
TxDZMnZnyII,"""Maximiana e seu sobrinho"" - HERMAN 2013",https://www.youtube.com/watch?v=TxDZMnZnyII,0.0,343.0,pt-PT,HERMAN 2013,downloaded
GyITNHrHXog,"Emigrantes Via Skype desde a Grécia ""Bruno Carvalho e Vítor Gaspar"" - HERMAN 2013",https://www.youtube.com/watch?v=GyITNHrHXog,0.0,240.0,pt-PT,HERMAN 2013,downloaded
zcfmvtoJEkA,"Emigrantes Via Skype desde Ibiza ""Zeca e Licas"" - HERMAN 2013",https://www.youtube.com/watch?v=zcfmvtoJEkA,0.0,155.0,pt-PT,HERMAN 2013,downloaded
tClCU5ijeto,"Emigrantes Via Skype desde Paris ""Deolinda e Zulmira"" - HERMAN 2013",https://www.youtube.com/watch?v=tClCU5ijeto,0.0,168.0,pt-PT,HERMAN 2013,downloaded
FzQkIP_sV2Q,"""Foram cardos, foram prosas"" -- Amor Electro - Herman 2013",https://www.youtube.com/watch?v=FzQkIP_sV2Q,0.0,302.0,pt-PT,HERMAN 2013,downloaded
iefTXQ-ZBTc,"""Nelo responde"", com Zé Carlos - Herman 2013",https://www.youtube.com/watch?v=iefTXQ-ZBTc,0.0,421.0,pt-PT,HERMAN 2013,downloaded
PMvh38Qx098,"""A nossa casa"" -- Amor Electro - Herman 2013",https://www.youtube.com/watch?v=PMvh38Qx098,0.0,219.0,pt-PT,HERMAN 2013,downloaded
26JTb3LfpuE,"""Portugueses Pelo Mundo - Natalina e Estanislau na Rússia"" (Parte 2) - HERMAN 2013",https://www.youtube.com/watch?v=26JTb3LfpuE,0.0,193.0,pt-PT,HERMAN 2013,downloaded
ga_bwqfZQ-8,"""Portugueses Pelo Mundo - Natalina e Estanislau na Rússia"" (Parte 1) - HERMAN 2013",https://www.youtube.com/watch?v=ga_bwqfZQ-8,0.0,251.0,pt-PT,HERMAN 2013,downloaded
tK3ovhGr8cw,"""Nelo Responde -- As revistas cor-de-rosa"" - HERMAN 2013",https://www.youtube.com/watch?v=tK3ovhGr8cw,0.0,473.0,pt-PT,HERMAN 2013,downloaded
yCo3F1gm6fo,"""Bocage e mulher de Gonçalves Zarco "" - HERMAN 2013",https://www.youtube.com/watch?v=yCo3F1gm6fo,0.0,200.0,pt-PT,HERMAN 2013,downloaded
WQWxXt_GXyg,"""Nelo Responde"" - HERMAN 2013",https://www.youtube.com/watch?v=WQWxXt_GXyg,0.0,625.0,pt-PT,HERMAN 2013,downloaded
t6pWGVTt37o,"""Mário Graça entrevista Sócrates, o filósofo"" - HERMAN 2013",https://www.youtube.com/watch?v=t6pWGVTt37o,0.0,341.0,pt-PT,HERMAN 2013,downloaded
rdUiWz6fwSo,"""Ana Vitória de Guimarães e Isabel Descalçada"" (Parte 1) - HERMAN 2013",https://www.youtube.com/watch?v=rdUiWz6fwSo,0.0,236.0,pt-PT,HERMAN 2013,downloaded
DtEeodGT0nI,"""Ana Vitória de Guimarães e Isabel Descalçada"" (Parte 2) - HERMAN 2013",https://www.youtube.com/watch?v=DtEeodGT0nI,0.0,269.0,pt-PT,HERMAN 2013,downloaded
95jPfyGfem4,"""Cati Freitas, Márcia e Amélia Muge - Tributo a Joni Mitchell"" - HERMAN 2013",https://www.youtube.com/watch?v=95jPfyGfem4,0.0,335.0,pt-PT,HERMAN 2013,downloaded
nJpKJoynVpM,"Carlos Costa -- ""Raio de sol""- HERMAN 2013",https://www.youtube.com/watch?v=nJpKJoynVpM,0.0,224.0,pt-PT,HERMAN 2013,downloaded
k9sUxjdOXjI,"""Nelo responde -- Roubado no elétrico 28"" - HERMAN 2013",https://www.youtube.com/watch?v=k9sUxjdOXjI,0.0,559.0,pt-PT,HERMAN 2013,downloaded
Imp5KRFpNOw,TV Shop com Ana Lizete e Guida -- Frigideiras Godzilla -- Herman 2013,https://www.youtube.com/watch?v=Imp5KRFpNOw,0.0,232.0,pt-PT,HERMAN 2013,downloaded
GhPgqRuuEbs,"Nelo Responde -- ""Gaja minha não se despe"" - Herman 2013",https://www.youtube.com/watch?v=GhPgqRuuEbs,0.0,600.0,pt-PT,HERMAN 2013,downloaded
aK3Sb8moG84,Alta Indefinição - Felisberto Desgraçado (Parte 1) - Herman 2013,https://www.youtube.com/watch?v=aK3Sb8moG84,0.0,244.0,pt-PT,HERMAN 2013,downloaded
qLZDyDC7O34,Alta Indefinição - Felisberto Desgraçado (Parte 2) - Herman 2013,https://www.youtube.com/watch?v=qLZDyDC7O34,0.0,282.0,pt-PT,HERMAN 2013,downloaded
7dki5TupCUU,"Raquel Tavares ""Rosa da Madragoa"" - Herman 2013",https://www.youtube.com/watch?v=7dki5TupCUU,0.0,203.0,pt-PT,HERMAN 2013,downloaded
v5xrZ9QHJ_I,"Nelo Responde - ""Já fui convidado para posar nu"" - Herman 2013",https://www.youtube.com/watch?v=v5xrZ9QHJ_I,0.0,429.0,pt-PT,HERMAN 2013,downloaded
bGYwhFF0qRs,"""Advogados de defesa e acusação de Brites de Almeida"" - HERMAN 2013",https://www.youtube.com/watch?v=bGYwhFF0qRs,0.0,269.0,pt-PT,HERMAN 2013,downloaded
GnAiV4U6GK8,"RÁDIO ROYAL ""Os Homens"" - HERMAN 2013",https://www.youtube.com/watch?v=GnAiV4U6GK8,0.0,194.0,pt-PT,HERMAN 2013,downloaded
lcMGLTyTmdk,"""Rui Tomé, o cantor de intervenção"" - HERMAN 2013",https://www.youtube.com/watch?v=lcMGLTyTmdk,0.0,302.0,pt-PT,HERMAN 2013,downloaded
w3MD3hORdX0,"AGIR -- ""Alma Gémea"" - HERMAN 2013",https://www.youtube.com/watch?v=w3MD3hORdX0,0.0,272.0,pt-PT,HERMAN 2013,downloaded
2Rh36zMchqk,"""Mário Graça entrevista o Rei Mago Baltasar"" - HERMAN 2013",https://www.youtube.com/watch?v=2Rh36zMchqk,0.0,477.0,pt-PT,HERMAN 2013,downloaded
7_wUIvpVDwY,"""André Sardet -- ""Amor com amor se paga"" - HERMAN 2013",https://www.youtube.com/watch?v=7_wUIvpVDwY,0.0,196.0,pt-PT,HERMAN 2013,downloaded
OGdOcph0Ve4,"""O Melhor do Herman"" - HERMAN 2013",https://www.youtube.com/watch?v=OGdOcph0Ve4,0.0,538.0,pt-PT,HERMAN 2013,downloaded
9Np0X7foSJw,"""As mulheres sofrem menos"" | Ruído | RTP",https://www.youtube.com/watch?v=9Np0X7foSJw,0.0,243.0,pt-PT,Ruído,downloaded
MCgfHfEMids,Serviço de Urgência | Ruído | RTP,https://www.youtube.com/watch?v=MCgfHfEMids,0.0,182.0,pt-PT,Ruído,downloaded
jJbbiMiBYxw,O Ensacador | Ruído | RTP,https://www.youtube.com/watch?v=jJbbiMiBYxw,0.0,241.0,pt-PT,Ruído,downloaded
tcmrhsNv-Fk,Limites do Humor | Ruído | RTP,https://www.youtube.com/watch?v=tcmrhsNv-Fk,0.0,667.0,pt-PT,Ruído,downloaded
PlPmnhyIeG8,Chat GPT PT | Ruído | RTP,https://www.youtube.com/watch?v=PlPmnhyIeG8,0.0,393.0,pt-PT,Ruído,downloaded
3ykSqS2GZjs,"""Ninguém enterrou aqui"" | Ruído | RTP",https://www.youtube.com/watch?v=3ykSqS2GZjs,0.0,315.0,pt-PT,Ruído,downloaded
BNmzlT3Ykbg,"""Uma patologia rara"" | Ruído | RTP",https://www.youtube.com/watch?v=BNmzlT3Ykbg,0.0,323.0,pt-PT,Ruído,downloaded
0LYVo_DIfy0,"""Viciado no padel"" | Ruído | RTP",https://www.youtube.com/watch?v=0LYVo_DIfy0,0.0,303.0,pt-PT,Ruído,downloaded
d8CHA0wHRMQ,"""Estou com muito cocó"" | Ruído | RTP",https://www.youtube.com/watch?v=d8CHA0wHRMQ,0.0,300.0,pt-PT,Ruído,downloaded
IrClrmA3Jdw,O Mágico | Ruído | RTP,https://www.youtube.com/watch?v=IrClrmA3Jdw,0.0,345.0,pt-PT,Ruído,downloaded
mrrs9qJimUA,O Funeral | Ruído | RTP,https://www.youtube.com/watch?v=mrrs9qJimUA,0.0,64.0,pt-PT,Ruído,downloaded
zcdjD0fExyk,Jornalismo | Ruído | RTP,https://www.youtube.com/watch?v=zcdjD0fExyk,0.0,288.0,pt-PT,Ruído,downloaded
5bfSPbyhrk4,Restaurante Gourmet | Ruído | RTP,https://www.youtube.com/watch?v=5bfSPbyhrk4,0.0,188.0,pt-PT,Ruído,downloaded
nu_yuNJQCyA,Reunião de Pais | Ruído | RTP,https://www.youtube.com/watch?v=nu_yuNJQCyA,0.0,313.0,pt-PT,Ruído,downloaded
sjLfSc466nc,Manhãs Loucas | Ruído | RTP,https://www.youtube.com/watch?v=sjLfSc466nc,0.0,387.0,pt-PT,Ruído,downloaded
NCJCf9rclCE,Fernanda Levezinho | O Mundo da Compostagem | Ruído | RTP,https://www.youtube.com/watch?v=NCJCf9rclCE,0.0,191.0,pt-PT,Ruído,downloaded
YCpU1t9x2KE,O Eco Frontal | Ruído | RTP,https://www.youtube.com/watch?v=YCpU1t9x2KE,0.0,54.0,pt-PT,Ruído,downloaded
ReMK1zZvkgs,Associação Os Meninos da Parceria | Ruído | RTP,https://www.youtube.com/watch?v=ReMK1zZvkgs,0.0,514.0,pt-PT,Ruído,downloaded
OcIeQ_p52B4,ASMR | Ruído | RTP,https://www.youtube.com/watch?v=OcIeQ_p52B4,0.0,225.0,pt-PT,Ruído,downloaded
gJuD1f18NJc,"Todos Emojis, Todos Iguais | Ruído | RTP",https://www.youtube.com/watch?v=gJuD1f18NJc,0.0,217.0,pt-PT,Ruído,downloaded
hD-Cj7yYR8A,Sr. António Bate Claras | Ruído | RTP,https://www.youtube.com/watch?v=hD-Cj7yYR8A,0.0,406.0,pt-PT,Ruído,downloaded
odxijVRSG1Y,Palavras Escondidas | Ruído | RTP,https://www.youtube.com/watch?v=odxijVRSG1Y,0.0,241.0,pt-PT,Ruído,downloaded
hZ1BcSOzwVA,Hugo Sousa - 1ª Maratona de Humor,https://www.youtube.com/watch?v=hZ1BcSOzwVA,0.0,579.0,pt-PT,1ª Maratona de Humor,downloaded
93xZh8a7G6o,André Martins - 1ª Maratona de Humor,https://www.youtube.com/watch?v=93xZh8a7G6o,0.0,240.0,pt-PT,1ª Maratona de Humor,downloaded
D0t-ZzaJAZ8,Nilton - 1ª Maratona de Humor,https://www.youtube.com/watch?v=D0t-ZzaJAZ8,0.0,714.0,pt-PT,1ª Maratona de Humor,downloaded
A4cp5JrD8sM,Marta Gautier - 1ª Maratona de Humor,https://www.youtube.com/watch?v=A4cp5JrD8sM,0.0,645.0,pt-PT,1ª Maratona de Humor,downloaded
dybbhNOtF0M,Paulo Almeida - 1ª Maratona de Humor,https://www.youtube.com/watch?v=dybbhNOtF0M,0.0,178.0,pt-PT,1ª Maratona de Humor,downloaded
xwld_hfTrCs,João Seabra - 1ª Maratona de Humor,https://www.youtube.com/watch?v=xwld_hfTrCs,0.0,480.0,pt-PT,1ª Maratona de Humor,downloaded
137yGIzmOQQ,Eduardo Madeira  - 1ª Maratona de Humor,https://www.youtube.com/watch?v=137yGIzmOQQ,0.0,386.0,pt-PT,1ª Maratona de Humor,downloaded
1ZU5gmmuwAI,Marine Antunes  - 1ª Maratona de Humor,https://www.youtube.com/watch?v=1ZU5gmmuwAI,0.0,181.0,pt-PT,1ª Maratona de Humor,downloaded
3R9LTU_zDao,António Raminhos - 1ª  Maratona de Humor,https://www.youtube.com/watch?v=3R9LTU_zDao,0.0,385.0,pt-PT,1ª Maratona de Humor,downloaded
xP80xQWNZo0,Bruno Brissos - 1ª Maratona de Humor,https://www.youtube.com/watch?v=xP80xQWNZo0,0.0,131.0,pt-PT,1ª Maratona de Humor,downloaded
2yJS5OfTlYg,Rita Camarneiro - 1ª Maratona de Humor,https://www.youtube.com/watch?v=2yJS5OfTlYg,0.0,276.0,pt-PT,1ª Maratona de Humor,downloaded
Yn0qBng-V7E,Óscar Branco - 1ª Maratona de Humor,https://www.youtube.com/watch?v=Yn0qBng-V7E,0.0,452.0,pt-PT,1ª Maratona de Humor,downloaded
QVRjnFM__aE,Eduardo Madeira e a guitarra amestrada - 1ª Maratona de Humor,https://www.youtube.com/watch?v=QVRjnFM__aE,0.0,457.0,pt-PT,1ª Maratona de Humor,downloaded
znFVwvmVuxg,Juan Pereira - 1ª Maratona de Humor,https://www.youtube.com/watch?v=znFVwvmVuxg,0.0,288.0,pt-PT,1ª Maratona de Humor,downloaded
KigylAxY8m4,Avaliação da Função Publica,https://www.youtube.com/watch?v=KigylAxY8m4,0.0,161.0,pt,RTP,downloaded
jS39sjTJwIU,Conferência de Imprensa de José Sócrates,https://www.youtube.com/watch?v=jS39sjTJwIU,0.0,170.0,pt,RTP,downloaded
_KOWEkwqUJg,Análise de Produtos,https://www.youtube.com/watch?v=_KOWEkwqUJg,0.0,76.0,pt,RTP,downloaded
4wXmO0z1K68,Telejornal,https://www.youtube.com/watch?v=4wXmO0z1K68,0.0,199.0,pt,RTP,downloaded
G0DJWvGgYOc,Noite dos Óscares,https://www.youtube.com/watch?v=G0DJWvGgYOc,0.0,157.0,pt,RTP,downloaded
5om4UkQFYoI,"Inquerito ""Quem é o maior Português de sempre""",https://www.youtube.com/watch?v=5om4UkQFYoI,0.0,143.0,pt-BR,RTP,downloaded
